trial_type,context,early,stim,cue,motion,color,context_freq,cue_dur,trial_dur,color_freq,context_entropy,congruent,correct_response,block,run,run_trial,iti,condition_trial
later,1,False,True,0,0.0,0.0,0.5,,1.0,0.5,0.69314718055994529,True,0.0,0,1,0,1.0,0
catch,1,True,False,1,,,0.5,1.5,1.0,0.5,0.69314718055994529,False,,0,1,1,1.0,1
catch,1,True,False,1,,,0.5,1.5,1.0,0.5,0.69314718055994529,False,,0,1,2,1.0,2
early,1,True,True,1,0.0,0.0,0.5,1.5,2.0,0.5,0.69314718055994529,True,0.0,0,1,3,2.0,3
catch,1,True,False,1,,,0.5,1.5,1.0,0.5,0.69314718055994529,False,,0,1,4,1.0,4
early,0,True,True,0,1.0,0.0,0.5,1.5,2.0,0.5,0.69314718055994529,False,1.0,0,1,5,1.0,5
later,0,False,True,1,1.0,1.0,0.5,,1.0,0.5,0.69314718055994529,True,1.0,0,1,6,2.0,6
early,1,True,True,0,0.0,1.0,0.5,1.5,2.0,0.5,0.69314718055994529,False,1.0,0,1,7,1.0,7
catch,0,True,False,0,,,0.5,1.5,1.0,0.5,0.69314718055994529,False,,0,1,8,5.0,8
early,0,True,True,1,0.0,1.0,0.5,1.5,2.0,0.5,0.69314718055994529,False,0.0,0,1,9,2.0,9
later,0,False,True,0,0.0,1.0,0.5,,1.0,0.5,0.69314718055994529,False,0.0,0,1,10,1.0,10
later,1,False,True,1,1.0,0.0,0.5,,1.0,0.5,0.69314718055994529,False,0.0,0,1,11,2.0,11
early,1,True,True,0,0.0,0.0,0.5,1.5,2.0,0.5,0.69314718055994529,True,0.0,0,1,12,1.0,12
catch,0,True,False,1,,,0.5,1.5,1.0,0.5,0.69314718055994529,False,,0,1,13,1.0,13
catch,0,True,False,1,,,0.5,1.5,1.0,0.5,0.69314718055994529,False,,0,1,14,2.0,14
later,0,False,True,0,1.0,1.0,0.5,,1.0,0.5,0.69314718055994529,True,1.0,0,1,15,5.0,15
later,1,False,True,0,1.0,0.0,0.5,,1.0,0.5,0.69314718055994529,False,0.0,0,1,16,2.0,16
later,0,False,True,0,1.0,0.0,0.5,,1.0,0.5,0.69314718055994529,False,1.0,0,1,17,1.0,17
catch,1,True,False,0,,,0.5,1.5,1.0,0.5,0.69314718055994529,False,,0,1,18,5.0,18
early,0,True,True,1,0.0,0.0,0.5,1.5,2.0,0.5,0.69314718055994529,True,0.0,0,1,19,3.0,19
early,1,True,True,0,1.0,1.0,0.5,1.5,2.0,0.5,0.69314718055994529,True,1.0,0,1,20,1.0,20
later,1,False,True,1,0.0,0.0,0.5,,1.0,0.5,0.69314718055994529,True,0.0,0,1,21,1.0,21
catch,0,True,False,0,,,0.5,1.5,1.0,0.5,0.69314718055994529,False,,0,1,22,1.0,22
later,0,False,True,0,0.0,0.0,0.5,,1.0,0.5,0.69314718055994529,True,0.0,0,1,23,1.0,23
catch,0,True,False,0,,,0.5,1.5,1.0,0.5,0.69314718055994529,False,,0,1,24,2.0,24
catch,0,True,False,0,,,0.5,1.5,1.0,0.5,0.69314718055994529,False,,0,1,25,1.0,25
later,0,False,True,0,1.0,0.0,0.5,,1.0,0.5,0.69314718055994529,False,1.0,0,1,26,1.0,26
early,1,True,True,0,1.0,0.0,0.5,1.5,2.0,0.5,0.69314718055994529,False,0.0,0,1,27,3.0,27
later,1,False,True,0,1.0,1.0,0.5,,1.0,0.5,0.69314718055994529,True,1.0,0,1,28,1.0,28
catch,1,True,False,1,,,0.5,1.5,1.0,0.5,0.69314718055994529,False,,0,1,29,1.0,29
catch,1,True,False,0,,,0.5,1.5,1.0,0.5,0.69314718055994529,False,,0,1,30,1.0,30
later,0,False,True,1,0.0,1.0,0.5,,1.0,0.5,0.69314718055994529,False,0.0,0,1,31,1.0,31
later,0,False,True,0,1.0,0.0,0.5,,1.0,0.5,0.69314718055994529,False,1.0,0,1,32,1.0,32
catch,1,True,False,0,,,0.5,1.5,1.0,0.5,0.69314718055994529,False,,0,1,33,1.0,33
catch,1,True,False,0,,,0.5,1.5,1.0,0.5,0.69314718055994529,False,,0,1,34,3.0,34
early,1,True,True,1,0.0,1.0,0.5,1.5,2.0,0.5,0.69314718055994529,False,1.0,0,1,35,1.0,35
catch,1,True,False,0,,,0.5,1.5,1.0,0.5,0.69314718055994529,False,,0,1,36,1.0,36
catch,0,True,False,0,,,0.5,1.5,1.0,0.5,0.69314718055994529,False,,0,1,37,2.0,37
later,0,False,True,0,0.0,0.0,0.5,,1.0,0.5,0.69314718055994529,True,0.0,0,1,38,1.0,38
later,1,False,True,0,0.0,0.0,0.5,,1.0,0.5,0.69314718055994529,True,0.0,0,1,39,1.0,39
early,1,True,True,1,0.0,1.0,0.5,1.5,2.0,0.5,0.69314718055994529,False,1.0,0,1,40,2.0,40
early,1,True,True,0,1.0,0.0,0.5,1.5,2.0,0.5,0.69314718055994529,False,0.0,0,1,41,1.0,41
early,1,True,True,1,1.0,0.0,0.5,1.5,2.0,0.5,0.69314718055994529,False,0.0,0,1,42,2.0,42
later,1,False,True,1,0.0,0.0,0.5,,1.0,0.5,0.69314718055994529,True,0.0,0,1,43,1.0,43
early,0,True,True,0,0.0,1.0,0.5,1.5,2.0,0.5,0.69314718055994529,False,0.0,0,1,44,2.0,44
later,1,False,True,1,1.0,0.0,0.5,,1.0,0.5,0.69314718055994529,False,0.0,0,1,45,1.0,45
later,0,False,True,1,1.0,0.0,0.5,,1.0,0.5,0.69314718055994529,False,1.0,0,1,46,1.0,46
later,0,False,True,1,0.0,0.0,0.5,,1.0,0.5,0.69314718055994529,True,0.0,0,1,47,3.0,47
early,0,True,True,0,1.0,1.0,0.5,1.5,2.0,0.5,0.69314718055994529,True,1.0,0,1,48,3.0,48
catch,1,True,False,1,,,0.5,1.5,1.0,0.5,0.69314718055994529,False,,0,1,49,4.0,49
early,0,True,True,1,1.0,0.0,0.5,1.5,2.0,0.5,0.69314718055994529,False,1.0,0,1,50,1.0,50
early,1,True,True,0,0.0,1.0,0.5,1.5,2.0,0.5,0.69314718055994529,False,1.0,0,1,51,2.0,51
later,0,False,True,1,1.0,0.0,0.5,,1.0,0.5,0.69314718055994529,False,1.0,0,1,52,1.0,52
early,1,True,True,1,0.0,1.0,0.5,1.5,2.0,0.5,0.69314718055994529,False,1.0,0,1,53,1.0,53
early,0,True,True,1,0.0,1.0,0.5,1.5,2.0,0.5,0.69314718055994529,False,0.0,0,1,54,3.0,54
early,0,True,True,1,1.0,0.0,0.5,1.5,2.0,0.5,0.69314718055994529,False,1.0,0,1,55,1.0,55
later,1,False,True,0,0.0,1.0,0.5,,1.0,0.5,0.69314718055994529,False,1.0,0,1,56,1.0,56
early,1,True,True,1,1.0,0.0,0.5,1.5,2.0,0.5,0.69314718055994529,False,0.0,0,1,57,1.0,57
later,0,False,True,0,1.0,1.0,0.5,,1.0,0.5,0.69314718055994529,True,1.0,0,1,58,1.0,58
catch,0,True,False,1,,,0.5,1.5,1.0,0.5,0.69314718055994529,False,,0,1,59,1.0,59
catch,1,True,False,1,,,0.5,1.5,1.0,0.5,0.69314718055994529,False,,0,1,60,1.0,60
early,1,True,True,1,0.0,0.0,0.5,1.5,2.0,0.5,0.69314718055994529,True,0.0,0,1,61,1.0,61
later,0,False,True,0,0.0,0.0,0.5,,1.0,0.5,0.69314718055994529,True,0.0,0,1,62,1.0,62
early,1,True,True,1,1.0,0.0,0.5,1.5,2.0,0.5,0.69314718055994529,False,0.0,0,1,63,5.0,63
catch,1,True,False,1,,,0.5,1.5,1.0,0.5,0.69314718055994529,False,,0,1,64,1.0,64
catch,0,True,False,0,,,0.5,1.5,1.0,0.5,0.69314718055994529,False,,0,1,65,1.0,65
early,0,True,True,1,1.0,0.0,0.5,1.5,2.0,0.5,0.69314718055994529,False,1.0,0,1,66,1.0,66
catch,0,True,False,0,,,0.5,1.5,1.0,0.5,0.69314718055994529,False,,0,1,67,1.0,67
catch,1,True,False,0,,,0.5,1.5,1.0,0.5,0.69314718055994529,False,,0,1,68,1.0,68
early,0,True,True,0,1.0,0.0,0.5,1.5,2.0,0.5,0.69314718055994529,False,1.0,0,1,69,2.0,69
early,0,True,True,0,0.0,1.0,0.5,1.5,2.0,0.5,0.69314718055994529,False,0.0,0,1,70,3.0,70
catch,1,True,False,1,,,0.5,1.5,1.0,0.5,0.69314718055994529,False,,0,1,71,1.0,71
early,1,True,True,1,1.0,1.0,0.5,1.5,2.0,0.5,0.69314718055994529,True,1.0,0,1,72,1.0,72
early,0,True,True,0,1.0,0.0,0.5,1.5,2.0,0.5,0.69314718055994529,False,1.0,0,1,73,1.0,73
early,0,True,True,1,1.0,1.0,0.5,1.5,2.0,0.5,0.69314718055994529,True,1.0,0,1,74,2.0,74
catch,0,True,False,1,,,0.5,1.5,1.0,0.5,0.69314718055994529,False,,0,2,0,4.0,75
later,1,False,True,1,1.0,1.0,0.5,,1.0,0.5,0.69314718055994529,True,1.0,0,2,1,1.0,76
early,0,True,True,1,1.0,0.0,0.5,1.5,2.0,0.5,0.69314718055994529,False,1.0,0,2,2,3.0,77
early,1,True,True,0,1.0,0.0,0.5,1.5,2.0,0.5,0.69314718055994529,False,0.0,0,2,3,1.0,78
catch,1,True,False,0,,,0.5,1.5,1.0,0.5,0.69314718055994529,False,,0,2,4,4.0,79
later,0,False,True,0,1.0,0.0,0.5,,1.0,0.5,0.69314718055994529,False,1.0,0,2,5,2.0,80
catch,0,True,False,0,,,0.5,1.5,1.0,0.5,0.69314718055994529,False,,0,2,6,1.0,81
later,1,False,True,1,1.0,1.0,0.5,,1.0,0.5,0.69314718055994529,True,1.0,0,2,7,1.0,82
later,1,False,True,0,1.0,1.0,0.5,,1.0,0.5,0.69314718055994529,True,1.0,0,2,8,1.0,83
early,0,True,True,1,0.0,0.0,0.5,1.5,2.0,0.5,0.69314718055994529,True,0.0,0,2,9,3.0,84
catch,0,True,False,0,,,0.5,1.5,1.0,0.5,0.69314718055994529,False,,0,2,10,1.0,85
catch,1,True,False,0,,,0.5,1.5,1.0,0.5,0.69314718055994529,False,,0,2,11,3.0,86
catch,1,True,False,0,,,0.5,1.5,1.0,0.5,0.69314718055994529,False,,0,2,12,1.0,87
catch,0,True,False,1,,,0.5,1.5,1.0,0.5,0.69314718055994529,False,,0,2,13,1.0,88
catch,0,True,False,1,,,0.5,1.5,1.0,0.5,0.69314718055994529,False,,0,2,14,1.0,89
later,1,False,True,1,1.0,0.0,0.5,,1.0,0.5,0.69314718055994529,False,0.0,0,2,15,1.0,90
later,1,False,True,1,1.0,0.0,0.5,,1.0,0.5,0.69314718055994529,False,0.0,0,2,16,1.0,91
early,1,True,True,1,1.0,1.0,0.5,1.5,2.0,0.5,0.69314718055994529,True,1.0,0,2,17,2.0,92
later,1,False,True,1,0.0,1.0,0.5,,1.0,0.5,0.69314718055994529,False,1.0,0,2,18,1.0,93
later,1,False,True,0,1.0,0.0,0.5,,1.0,0.5,0.69314718055994529,False,0.0,0,2,19,2.0,94
catch,1,True,False,1,,,0.5,1.5,1.0,0.5,0.69314718055994529,False,,0,2,20,2.0,95
later,0,False,True,0,0.0,1.0,0.5,,1.0,0.5,0.69314718055994529,False,0.0,0,2,21,4.0,96
later,0,False,True,1,0.0,1.0,0.5,,1.0,0.5,0.69314718055994529,False,0.0,0,2,22,1.0,97
catch,1,True,False,1,,,0.5,1.5,1.0,0.5,0.69314718055994529,False,,0,2,23,4.0,98
catch,0,True,False,0,,,0.5,1.5,1.0,0.5,0.69314718055994529,False,,0,2,24,1.0,99
later,0,False,True,0,0.0,1.0,0.5,,1.0,0.5,0.69314718055994529,False,0.0,0,2,25,1.0,100
catch,1,True,False,1,,,0.5,1.5,1.0,0.5,0.69314718055994529,False,,0,2,26,1.0,101
later,0,False,True,1,0.0,0.0,0.5,,1.0,0.5,0.69314718055994529,True,0.0,0,2,27,1.0,102
catch,1,True,False,0,,,0.5,1.5,1.0,0.5,0.69314718055994529,False,,0,2,28,1.0,103
later,1,False,True,0,1.0,1.0,0.5,,1.0,0.5,0.69314718055994529,True,1.0,0,2,29,1.0,104
early,1,True,True,1,1.0,0.0,0.5,1.5,2.0,0.5,0.69314718055994529,False,0.0,0,2,30,1.0,105
later,0,False,True,1,1.0,0.0,0.5,,1.0,0.5,0.69314718055994529,False,1.0,0,2,31,3.0,106
catch,0,True,False,1,,,0.5,1.5,1.0,0.5,0.69314718055994529,False,,0,2,32,5.0,107
later,1,False,True,1,1.0,1.0,0.5,,1.0,0.5,0.69314718055994529,True,1.0,0,2,33,2.0,108
early,1,True,True,0,1.0,0.0,0.5,1.5,2.0,0.5,0.69314718055994529,False,0.0,0,2,34,2.0,109
later,0,False,True,1,1.0,1.0,0.5,,1.0,0.5,0.69314718055994529,True,1.0,0,2,35,1.0,110
later,0,False,True,1,0.0,1.0,0.5,,1.0,0.5,0.69314718055994529,False,0.0,0,2,36,2.0,111
later,1,False,True,1,0.0,1.0,0.5,,1.0,0.5,0.69314718055994529,False,1.0,0,2,37,1.0,112
catch,0,True,False,1,,,0.5,1.5,1.0,0.5,0.69314718055994529,False,,0,2,38,2.0,113
early,1,True,True,0,1.0,1.0,0.5,1.5,2.0,0.5,0.69314718055994529,True,1.0,0,2,39,2.0,114
early,0,True,True,0,1.0,1.0,0.5,1.5,2.0,0.5,0.69314718055994529,True,1.0,0,2,40,2.0,115
later,1,False,True,0,1.0,0.0,0.5,,1.0,0.5,0.69314718055994529,False,0.0,0,2,41,1.0,116
catch,0,True,False,1,,,0.5,1.5,1.0,0.5,0.69314718055994529,False,,0,2,42,1.0,117
later,0,False,True,1,1.0,1.0,0.5,,1.0,0.5,0.69314718055994529,True,1.0,0,2,43,1.0,118
later,1,False,True,1,0.0,0.0,0.5,,1.0,0.5,0.69314718055994529,True,0.0,0,2,44,4.0,119
later,0,False,True,0,0.0,0.0,0.66666666666666674,,1.0,0.66666666666666674,0.63651416829481278,True,0.0,1,2,45,1.0,0
later,1,False,True,1,0.0,0.0,0.33333333333333331,,1.0,0.66666666666666674,0.63651416829481278,True,0.0,1,2,46,3.0,1
catch,0,True,False,1,,,0.66666666666666674,1.5,1.0,0.66666666666666674,0.63651416829481278,False,,1,2,47,1.0,2
later,0,False,True,0,0.0,1.0,0.66666666666666674,,1.0,0.66666666666666674,0.63651416829481278,False,0.0,1,2,48,3.0,3
later,0,False,True,0,1.0,1.0,0.66666666666666674,,1.0,0.66666666666666674,0.63651416829481278,True,1.0,1,2,49,1.0,4
catch,0,True,False,1,,,0.66666666666666674,1.5,1.0,0.66666666666666674,0.63651416829481278,False,,1,2,50,1.0,5
early,1,True,True,1,0.0,1.0,0.33333333333333331,1.5,2.0,0.66666666666666674,0.63651416829481278,False,1.0,1,2,51,1.0,6
early,0,True,True,1,1.0,1.0,0.66666666666666674,1.5,2.0,0.66666666666666674,0.63651416829481278,True,1.0,1,2,52,1.0,7
later,0,False,True,0,0.0,1.0,0.66666666666666674,,1.0,0.66666666666666674,0.63651416829481278,False,0.0,1,2,53,1.0,8
catch,0,True,False,1,,,0.66666666666666674,1.5,1.0,0.66666666666666674,0.63651416829481278,False,,1,2,54,1.0,9
later,1,False,True,1,1.0,0.0,0.33333333333333331,,1.0,0.66666666666666674,0.63651416829481278,False,0.0,1,2,55,4.0,10
catch,0,True,False,1,,,0.66666666666666674,1.5,1.0,0.66666666666666674,0.63651416829481278,False,,1,2,56,1.0,11
catch,0,True,False,0,,,0.66666666666666674,1.5,1.0,0.66666666666666674,0.63651416829481278,False,,1,2,57,1.0,12
later,0,False,True,1,1.0,0.0,0.66666666666666674,,1.0,0.66666666666666674,0.63651416829481278,False,1.0,1,2,58,2.0,13
early,0,True,True,0,0.0,0.0,0.66666666666666674,1.5,2.0,0.66666666666666674,0.63651416829481278,True,0.0,1,2,59,1.0,14
early,0,True,True,1,0.0,1.0,0.66666666666666674,1.5,2.0,0.66666666666666674,0.63651416829481278,False,0.0,1,2,60,1.0,15
early,0,True,True,1,1.0,0.0,0.66666666666666674,1.5,2.0,0.66666666666666674,0.63651416829481278,False,1.0,1,2,61,1.0,16
early,0,True,True,1,1.0,0.0,0.66666666666666674,1.5,2.0,0.66666666666666674,0.63651416829481278,False,1.0,1,2,62,1.0,17
catch,0,True,False,0,,,0.66666666666666674,1.5,1.0,0.66666666666666674,0.63651416829481278,False,,1,2,63,4.0,18
catch,0,True,False,1,,,0.66666666666666674,1.5,1.0,0.66666666666666674,0.63651416829481278,False,,1,2,64,2.0,19
catch,0,True,False,0,,,0.66666666666666674,1.5,1.0,0.66666666666666674,0.63651416829481278,False,,1,2,65,1.0,20
early,1,True,True,0,1.0,0.0,0.33333333333333331,1.5,2.0,0.66666666666666674,0.63651416829481278,False,0.0,1,2,66,1.0,21
later,1,False,True,1,0.0,0.0,0.33333333333333331,,1.0,0.66666666666666674,0.63651416829481278,True,0.0,1,2,67,5.0,22
later,0,False,True,1,0.0,1.0,0.66666666666666674,,1.0,0.66666666666666674,0.63651416829481278,False,0.0,1,2,68,1.0,23
early,0,True,True,0,0.0,1.0,0.66666666666666674,1.5,2.0,0.66666666666666674,0.63651416829481278,False,0.0,1,2,69,1.0,24
later,1,False,True,0,1.0,1.0,0.33333333333333331,,1.0,0.66666666666666674,0.63651416829481278,True,1.0,1,2,70,1.0,25
later,0,False,True,1,1.0,0.0,0.66666666666666674,,1.0,0.66666666666666674,0.63651416829481278,False,1.0,1,2,71,1.0,26
early,0,True,True,0,0.0,0.0,0.66666666666666674,1.5,2.0,0.66666666666666674,0.63651416829481278,True,0.0,1,2,72,2.0,27
later,1,False,True,1,0.0,1.0,0.33333333333333331,,1.0,0.66666666666666674,0.63651416829481278,False,1.0,1,2,73,4.0,28
catch,1,True,False,1,,,0.33333333333333331,1.5,1.0,0.66666666666666674,0.63651416829481278,False,,1,2,74,2.0,29
early,0,True,True,1,0.0,0.0,0.66666666666666674,1.5,2.0,0.66666666666666674,0.63651416829481278,True,0.0,1,3,0,1.0,30
early,0,True,True,0,1.0,0.0,0.66666666666666674,1.5,2.0,0.66666666666666674,0.63651416829481278,False,1.0,1,3,1,1.0,31
catch,0,True,False,1,,,0.66666666666666674,1.5,1.0,0.66666666666666674,0.63651416829481278,False,,1,3,2,1.0,32
early,0,True,True,0,0.0,1.0,0.66666666666666674,1.5,2.0,0.66666666666666674,0.63651416829481278,False,0.0,1,3,3,1.0,33
early,0,True,True,0,0.0,1.0,0.66666666666666674,1.5,2.0,0.66666666666666674,0.63651416829481278,False,0.0,1,3,4,1.0,34
later,0,False,True,1,0.0,1.0,0.66666666666666674,,1.0,0.66666666666666674,0.63651416829481278,False,0.0,1,3,5,1.0,35
later,1,False,True,0,0.0,1.0,0.33333333333333331,,1.0,0.66666666666666674,0.63651416829481278,False,1.0,1,3,6,3.0,36
early,0,True,True,0,0.0,1.0,0.66666666666666674,1.5,2.0,0.66666666666666674,0.63651416829481278,False,0.0,1,3,7,1.0,37
catch,1,True,False,0,,,0.33333333333333331,1.5,1.0,0.66666666666666674,0.63651416829481278,False,,1,3,8,2.0,38
early,1,True,True,0,1.0,0.0,0.33333333333333331,1.5,2.0,0.66666666666666674,0.63651416829481278,False,0.0,1,3,9,1.0,39
later,0,False,True,0,1.0,0.0,0.66666666666666674,,1.0,0.66666666666666674,0.63651416829481278,False,1.0,1,3,10,2.0,40
early,0,True,True,0,1.0,1.0,0.66666666666666674,1.5,2.0,0.66666666666666674,0.63651416829481278,True,1.0,1,3,11,1.0,41
catch,0,True,False,1,,,0.66666666666666674,1.5,1.0,0.66666666666666674,0.63651416829481278,False,,1,3,12,1.0,42
early,1,True,True,1,1.0,0.0,0.33333333333333331,1.5,2.0,0.66666666666666674,0.63651416829481278,False,0.0,1,3,13,1.0,43
catch,0,True,False,1,,,0.66666666666666674,1.5,1.0,0.66666666666666674,0.63651416829481278,False,,1,3,14,1.0,44
later,1,False,True,1,1.0,0.0,0.33333333333333331,,1.0,0.66666666666666674,0.63651416829481278,False,0.0,1,3,15,2.0,45
catch,0,True,False,1,,,0.66666666666666674,1.5,1.0,0.66666666666666674,0.63651416829481278,False,,1,3,16,2.0,46
catch,0,True,False,1,,,0.66666666666666674,1.5,1.0,0.66666666666666674,0.63651416829481278,False,,1,3,17,1.0,47
catch,0,True,False,0,,,0.66666666666666674,1.5,1.0,0.66666666666666674,0.63651416829481278,False,,1,3,18,5.0,48
later,0,False,True,0,0.0,0.0,0.66666666666666674,,1.0,0.66666666666666674,0.63651416829481278,True,0.0,1,3,19,1.0,49
early,0,True,True,1,1.0,0.0,0.66666666666666674,1.5,2.0,0.66666666666666674,0.63651416829481278,False,1.0,1,3,20,2.0,50
later,1,False,True,1,0.0,1.0,0.33333333333333331,,1.0,0.66666666666666674,0.63651416829481278,False,1.0,1,3,21,1.0,51
later,1,False,True,1,1.0,1.0,0.33333333333333331,,1.0,0.66666666666666674,0.63651416829481278,True,1.0,1,3,22,1.0,52
later,1,False,True,0,1.0,0.0,0.33333333333333331,,1.0,0.66666666666666674,0.63651416829481278,False,0.0,1,3,23,3.0,53
catch,0,True,False,0,,,0.66666666666666674,1.5,1.0,0.66666666666666674,0.63651416829481278,False,,1,3,24,2.0,54
catch,0,True,False,0,,,0.66666666666666674,1.5,1.0,0.66666666666666674,0.63651416829481278,False,,1,3,25,1.0,55
later,0,False,True,1,0.0,1.0,0.66666666666666674,,1.0,0.66666666666666674,0.63651416829481278,False,0.0,1,3,26,1.0,56
early,0,True,True,0,0.0,1.0,0.66666666666666674,1.5,2.0,0.66666666666666674,0.63651416829481278,False,0.0,1,3,27,1.0,57
later,0,False,True,1,0.0,0.0,0.66666666666666674,,1.0,0.66666666666666674,0.63651416829481278,True,0.0,1,3,28,2.0,58
later,0,False,True,1,1.0,0.0,0.66666666666666674,,1.0,0.66666666666666674,0.63651416829481278,False,1.0,1,3,29,1.0,59
catch,0,True,False,1,,,0.19999999999999996,1.5,1.0,0.19999999999999996,0.50040242353818787,False,,2,3,30,3.0,0
later,1,False,True,0,0.0,0.0,0.80000000000000004,,1.0,0.19999999999999996,0.50040242353818787,True,0.0,2,3,31,1.0,1
later,0,False,True,0,1.0,0.0,0.19999999999999996,,1.0,0.19999999999999996,0.50040242353818787,False,1.0,2,3,32,1.0,2
catch,1,True,False,1,,,0.80000000000000004,1.5,1.0,0.19999999999999996,0.50040242353818787,False,,2,3,33,2.0,3
later,1,False,True,0,0.0,0.0,0.80000000000000004,,1.0,0.19999999999999996,0.50040242353818787,True,0.0,2,3,34,2.0,4
catch,1,True,False,0,,,0.80000000000000004,1.5,1.0,0.19999999999999996,0.50040242353818787,False,,2,3,35,1.0,5
early,1,True,True,0,1.0,0.0,0.80000000000000004,1.5,2.0,0.19999999999999996,0.50040242353818787,False,0.0,2,3,36,2.0,6
early,1,True,True,0,1.0,0.0,0.80000000000000004,1.5,2.0,0.19999999999999996,0.50040242353818787,False,0.0,2,3,37,1.0,7
later,1,False,True,0,1.0,0.0,0.80000000000000004,,1.0,0.19999999999999996,0.50040242353818787,False,0.0,2,3,38,1.0,8
catch,0,True,False,0,,,0.19999999999999996,1.5,1.0,0.19999999999999996,0.50040242353818787,False,,2,3,39,3.0,9
later,1,False,True,0,1.0,1.0,0.80000000000000004,,1.0,0.19999999999999996,0.50040242353818787,True,1.0,2,3,40,1.0,10
catch,1,True,False,0,,,0.80000000000000004,1.5,1.0,0.19999999999999996,0.50040242353818787,False,,2,3,41,1.0,11
catch,1,True,False,0,,,0.80000000000000004,1.5,1.0,0.19999999999999996,0.50040242353818787,False,,2,3,42,1.0,12
catch,1,True,False,0,,,0.80000000000000004,1.5,1.0,0.19999999999999996,0.50040242353818787,False,,2,3,43,3.0,13
early,1,True,True,0,0.0,1.0,0.80000000000000004,1.5,2.0,0.19999999999999996,0.50040242353818787,False,1.0,2,3,44,1.0,14
catch,1,True,False,0,,,0.80000000000000004,1.5,1.0,0.19999999999999996,0.50040242353818787,False,,2,3,45,3.0,15
early,1,True,True,0,1.0,1.0,0.80000000000000004,1.5,2.0,0.19999999999999996,0.50040242353818787,True,1.0,2,3,46,2.0,16
later,1,False,True,0,1.0,0.0,0.80000000000000004,,1.0,0.19999999999999996,0.50040242353818787,False,0.0,2,3,47,3.0,17
later,1,False,True,1,1.0,0.0,0.80000000000000004,,1.0,0.19999999999999996,0.50040242353818787,False,0.0,2,3,48,4.0,18
catch,0,True,False,1,,,0.19999999999999996,1.5,1.0,0.19999999999999996,0.50040242353818787,False,,2,3,49,1.0,19
catch,0,True,False,1,,,0.19999999999999996,1.5,1.0,0.19999999999999996,0.50040242353818787,False,,2,3,50,1.0,20
early,0,True,True,1,0.0,1.0,0.19999999999999996,1.5,2.0,0.19999999999999996,0.50040242353818787,False,0.0,2,3,51,1.0,21
catch,1,True,False,0,,,0.80000000000000004,1.5,1.0,0.19999999999999996,0.50040242353818787,False,,2,3,52,3.0,22
early,1,True,True,0,1.0,0.0,0.80000000000000004,1.5,2.0,0.19999999999999996,0.50040242353818787,False,0.0,2,3,53,3.0,23
early,1,True,True,0,0.0,0.0,0.80000000000000004,1.5,2.0,0.19999999999999996,0.50040242353818787,True,0.0,2,3,54,1.0,24
later,1,False,True,0,0.0,1.0,0.80000000000000004,,1.0,0.19999999999999996,0.50040242353818787,False,1.0,2,3,55,1.0,25
catch,1,True,False,1,,,0.80000000000000004,1.5,1.0,0.19999999999999996,0.50040242353818787,False,,2,3,56,2.0,26
early,1,True,True,1,1.0,0.0,0.80000000000000004,1.5,2.0,0.19999999999999996,0.50040242353818787,False,0.0,2,3,57,2.0,27
early,1,True,True,1,0.0,1.0,0.80000000000000004,1.5,2.0,0.19999999999999996,0.50040242353818787,False,1.0,2,3,58,1.0,28
early,0,True,True,0,1.0,1.0,0.19999999999999996,1.5,2.0,0.19999999999999996,0.50040242353818787,True,1.0,2,3,59,1.0,29
early,1,True,True,1,0.0,0.0,0.80000000000000004,1.5,2.0,0.19999999999999996,0.50040242353818787,True,0.0,2,3,60,1.0,30
catch,1,True,False,1,,,0.80000000000000004,1.5,1.0,0.19999999999999996,0.50040242353818787,False,,2,3,61,2.0,31
catch,1,True,False,1,,,0.80000000000000004,1.5,1.0,0.19999999999999996,0.50040242353818787,False,,2,3,62,1.0,32
catch,1,True,False,1,,,0.80000000000000004,1.5,1.0,0.19999999999999996,0.50040242353818787,False,,2,3,63,1.0,33
catch,1,True,False,0,,,0.80000000000000004,1.5,1.0,0.19999999999999996,0.50040242353818787,False,,2,3,64,2.0,34
catch,1,True,False,1,,,0.80000000000000004,1.5,1.0,0.19999999999999996,0.50040242353818787,False,,2,3,65,3.0,35
early,1,True,True,0,1.0,1.0,0.80000000000000004,1.5,2.0,0.19999999999999996,0.50040242353818787,True,1.0,2,3,66,1.0,36
early,0,True,True,1,1.0,0.0,0.19999999999999996,1.5,2.0,0.19999999999999996,0.50040242353818787,False,1.0,2,3,67,4.0,37
later,1,False,True,0,0.0,1.0,0.80000000000000004,,1.0,0.19999999999999996,0.50040242353818787,False,1.0,2,3,68,1.0,38
later,1,False,True,1,1.0,0.0,0.80000000000000004,,1.0,0.19999999999999996,0.50040242353818787,False,0.0,2,3,69,1.0,39
later,0,False,True,1,0.0,0.0,0.19999999999999996,,1.0,0.19999999999999996,0.50040242353818787,True,0.0,2,3,70,1.0,40
early,1,True,True,0,0.0,0.0,0.80000000000000004,1.5,2.0,0.19999999999999996,0.50040242353818787,True,0.0,2,3,71,1.0,41
early,1,True,True,1,0.0,1.0,0.80000000000000004,1.5,2.0,0.19999999999999996,0.50040242353818787,False,1.0,2,3,72,2.0,42
early,1,True,True,1,0.0,1.0,0.80000000000000004,1.5,2.0,0.19999999999999996,0.50040242353818787,False,1.0,2,3,73,1.0,43
later,1,False,True,0,1.0,1.0,0.80000000000000004,,1.0,0.19999999999999996,0.50040242353818787,True,1.0,2,3,74,4.0,44
later,0,False,True,0,0.0,1.0,0.19999999999999996,,1.0,0.19999999999999996,0.50040242353818787,False,0.0,2,4,0,1.0,45
early,1,True,True,0,0.0,1.0,0.80000000000000004,1.5,2.0,0.19999999999999996,0.50040242353818787,False,1.0,2,4,1,2.0,46
early,1,True,True,1,1.0,1.0,0.80000000000000004,1.5,2.0,0.19999999999999996,0.50040242353818787,True,1.0,2,4,2,2.0,47
catch,1,True,False,1,,,0.80000000000000004,1.5,1.0,0.19999999999999996,0.50040242353818787,False,,2,4,3,2.0,48
early,1,True,True,1,0.0,0.0,0.80000000000000004,1.5,2.0,0.19999999999999996,0.50040242353818787,True,0.0,2,4,4,1.0,49
early,1,True,True,0,1.0,1.0,0.80000000000000004,1.5,2.0,0.19999999999999996,0.50040242353818787,True,1.0,2,4,5,2.0,50
catch,1,True,False,0,,,0.80000000000000004,1.5,1.0,0.19999999999999996,0.50040242353818787,False,,2,4,6,3.0,51
later,1,False,True,1,0.0,0.0,0.80000000000000004,,1.0,0.19999999999999996,0.50040242353818787,True,0.0,2,4,7,2.0,52
early,0,True,True,0,1.0,0.0,0.19999999999999996,1.5,2.0,0.19999999999999996,0.50040242353818787,False,1.0,2,4,8,1.0,53
catch,0,True,False,1,,,0.19999999999999996,1.5,1.0,0.19999999999999996,0.50040242353818787,False,,2,4,9,2.0,54
catch,1,True,False,0,,,0.80000000000000004,1.5,1.0,0.19999999999999996,0.50040242353818787,False,,2,4,10,2.0,55
later,0,False,True,0,0.0,1.0,0.19999999999999996,,1.0,0.19999999999999996,0.50040242353818787,False,0.0,2,4,11,2.0,56
early,1,True,True,1,1.0,1.0,0.80000000000000004,1.5,2.0,0.19999999999999996,0.50040242353818787,True,1.0,2,4,12,2.0,57
early,1,True,True,0,1.0,1.0,0.80000000000000004,1.5,2.0,0.19999999999999996,0.50040242353818787,True,1.0,2,4,13,1.0,58
catch,1,True,False,1,,,0.80000000000000004,1.5,1.0,0.19999999999999996,0.50040242353818787,False,,2,4,14,4.0,59
later,1,False,True,0,1.0,1.0,0.80000000000000004,,1.0,0.19999999999999996,0.50040242353818787,True,1.0,2,4,15,1.0,60
later,1,False,True,1,1.0,1.0,0.80000000000000004,,1.0,0.19999999999999996,0.50040242353818787,True,1.0,2,4,16,3.0,61
early,0,True,True,0,1.0,0.0,0.19999999999999996,1.5,2.0,0.19999999999999996,0.50040242353818787,False,1.0,2,4,17,4.0,62
later,1,False,True,0,0.0,0.0,0.80000000000000004,,1.0,0.19999999999999996,0.50040242353818787,True,0.0,2,4,18,1.0,63
early,1,True,True,1,1.0,1.0,0.80000000000000004,1.5,2.0,0.19999999999999996,0.50040242353818787,True,1.0,2,4,19,1.0,64
early,1,True,True,0,1.0,1.0,0.80000000000000004,1.5,2.0,0.19999999999999996,0.50040242353818787,True,1.0,2,4,20,1.0,65
early,0,True,True,1,0.0,1.0,0.19999999999999996,1.5,2.0,0.19999999999999996,0.50040242353818787,False,0.0,2,4,21,1.0,66
later,1,False,True,1,1.0,1.0,0.80000000000000004,,1.0,0.19999999999999996,0.50040242353818787,True,1.0,2,4,22,3.0,67
later,1,False,True,1,1.0,0.0,0.80000000000000004,,1.0,0.19999999999999996,0.50040242353818787,False,0.0,2,4,23,1.0,68
later,1,False,True,1,0.0,0.0,0.80000000000000004,,1.0,0.19999999999999996,0.50040242353818787,True,0.0,2,4,24,1.0,69
early,1,True,True,0,0.0,1.0,0.80000000000000004,1.5,2.0,0.19999999999999996,0.50040242353818787,False,1.0,2,4,25,2.0,70
later,1,False,True,1,0.0,0.0,0.80000000000000004,,1.0,0.19999999999999996,0.50040242353818787,True,0.0,2,4,26,4.0,71
early,1,True,True,0,0.0,0.0,0.80000000000000004,1.5,2.0,0.19999999999999996,0.50040242353818787,True,0.0,2,4,27,1.0,72
catch,1,True,False,0,,,0.80000000000000004,1.5,1.0,0.19999999999999996,0.50040242353818787,False,,2,4,28,1.0,73
early,0,True,True,1,1.0,1.0,0.19999999999999996,1.5,2.0,0.19999999999999996,0.50040242353818787,True,1.0,2,4,29,1.0,74
catch,1,True,False,0,,,0.80000000000000004,1.5,1.0,0.19999999999999996,0.50040242353818787,False,,2,4,30,4.0,75
catch,1,True,False,1,,,0.80000000000000004,1.5,1.0,0.19999999999999996,0.50040242353818787,False,,2,4,31,1.0,76
early,1,True,True,0,0.0,0.0,0.80000000000000004,1.5,2.0,0.19999999999999996,0.50040242353818787,True,0.0,2,4,32,1.0,77
catch,1,True,False,1,,,0.80000000000000004,1.5,1.0,0.19999999999999996,0.50040242353818787,False,,2,4,33,2.0,78
later,1,False,True,1,1.0,0.0,0.80000000000000004,,1.0,0.19999999999999996,0.50040242353818787,False,0.0,2,4,34,1.0,79
catch,0,True,False,0,,,0.19999999999999996,1.5,1.0,0.19999999999999996,0.50040242353818787,False,,2,4,35,1.0,80
catch,1,True,False,1,,,0.80000000000000004,1.5,1.0,0.19999999999999996,0.50040242353818787,False,,2,4,36,1.0,81
catch,1,True,False,1,,,0.80000000000000004,1.5,1.0,0.19999999999999996,0.50040242353818787,False,,2,4,37,1.0,82
early,1,True,True,1,1.0,1.0,0.80000000000000004,1.5,2.0,0.19999999999999996,0.50040242353818787,True,1.0,2,4,38,1.0,83
early,1,True,True,1,0.0,1.0,0.80000000000000004,1.5,2.0,0.19999999999999996,0.50040242353818787,False,1.0,2,4,39,1.0,84
early,1,True,True,1,0.0,0.0,0.80000000000000004,1.5,2.0,0.19999999999999996,0.50040242353818787,True,0.0,2,4,40,2.0,85
early,1,True,True,0,0.0,1.0,0.80000000000000004,1.5,2.0,0.19999999999999996,0.50040242353818787,False,1.0,2,4,41,2.0,86
catch,1,True,False,0,,,0.80000000000000004,1.5,1.0,0.19999999999999996,0.50040242353818787,False,,2,4,42,1.0,87
later,1,False,True,0,0.0,0.0,0.80000000000000004,,1.0,0.19999999999999996,0.50040242353818787,True,0.0,2,4,43,2.0,88
early,1,True,True,0,0.0,0.0,0.80000000000000004,1.5,2.0,0.19999999999999996,0.50040242353818787,True,0.0,2,4,44,1.0,89
later,1,False,True,1,0.0,1.0,0.80000000000000004,,1.0,0.19999999999999996,0.50040242353818787,False,1.0,2,4,45,1.0,90
early,1,True,True,0,0.0,1.0,0.80000000000000004,1.5,2.0,0.19999999999999996,0.50040242353818787,False,1.0,2,4,46,1.0,91
catch,0,True,False,0,,,0.19999999999999996,1.5,1.0,0.19999999999999996,0.50040242353818787,False,,2,4,47,1.0,92
later,0,False,True,1,0.0,1.0,0.19999999999999996,,1.0,0.19999999999999996,0.50040242353818787,False,0.0,2,4,48,2.0,93
catch,0,True,False,0,,,0.19999999999999996,1.5,1.0,0.19999999999999996,0.50040242353818787,False,,2,4,49,1.0,94
later,0,False,True,1,0.0,1.0,0.19999999999999996,,1.0,0.19999999999999996,0.50040242353818787,False,0.0,2,4,50,2.0,95
later,1,False,True,1,1.0,0.0,0.80000000000000004,,1.0,0.19999999999999996,0.50040242353818787,False,0.0,2,4,51,3.0,96
later,1,False,True,1,0.0,0.0,0.80000000000000004,,1.0,0.19999999999999996,0.50040242353818787,True,0.0,2,4,52,1.0,97
later,1,False,True,1,1.0,1.0,0.80000000000000004,,1.0,0.19999999999999996,0.50040242353818787,True,1.0,2,4,53,1.0,98
later,0,False,True,0,0.0,0.0,0.19999999999999996,,1.0,0.19999999999999996,0.50040242353818787,True,0.0,2,4,54,2.0,99
catch,1,True,False,0,,,0.80000000000000004,1.5,1.0,0.19999999999999996,0.50040242353818787,False,,2,4,55,1.0,100
later,0,False,True,0,1.0,0.0,0.19999999999999996,,1.0,0.19999999999999996,0.50040242353818787,False,1.0,2,4,56,1.0,101
later,1,False,True,0,1.0,0.0,0.80000000000000004,,1.0,0.19999999999999996,0.50040242353818787,False,0.0,2,4,57,4.0,102
later,0,False,True,0,1.0,1.0,0.19999999999999996,,1.0,0.19999999999999996,0.50040242353818787,True,1.0,2,4,58,1.0,103
catch,1,True,False,0,,,0.80000000000000004,1.5,1.0,0.19999999999999996,0.50040242353818787,False,,2,4,59,1.0,104
later,1,False,True,0,1.0,1.0,0.80000000000000004,,1.0,0.19999999999999996,0.50040242353818787,True,1.0,2,4,60,1.0,105
early,0,True,True,1,0.0,0.0,0.19999999999999996,1.5,2.0,0.19999999999999996,0.50040242353818787,True,0.0,2,4,61,2.0,106
early,1,True,True,1,1.0,0.0,0.80000000000000004,1.5,2.0,0.19999999999999996,0.50040242353818787,False,0.0,2,4,62,1.0,107
later,1,False,True,0,1.0,1.0,0.80000000000000004,,1.0,0.19999999999999996,0.50040242353818787,True,1.0,2,4,63,1.0,108
later,1,False,True,1,1.0,0.0,0.80000000000000004,,1.0,0.19999999999999996,0.50040242353818787,False,0.0,2,4,64,1.0,109
catch,1,True,False,0,,,0.80000000000000004,1.5,1.0,0.19999999999999996,0.50040242353818787,False,,2,4,65,1.0,110
later,0,False,True,1,1.0,0.0,0.19999999999999996,,1.0,0.19999999999999996,0.50040242353818787,False,1.0,2,4,66,5.0,111
catch,1,True,False,1,,,0.80000000000000004,1.5,1.0,0.19999999999999996,0.50040242353818787,False,,2,4,67,1.0,112
later,1,False,True,1,1.0,1.0,0.80000000000000004,,1.0,0.19999999999999996,0.50040242353818787,True,1.0,2,4,68,1.0,113
later,1,False,True,1,0.0,1.0,0.80000000000000004,,1.0,0.19999999999999996,0.50040242353818787,False,1.0,2,4,69,2.0,114
early,0,True,True,0,0.0,1.0,0.19999999999999996,1.5,2.0,0.19999999999999996,0.50040242353818787,False,0.0,2,4,70,1.0,115
later,1,False,True,0,0.0,1.0,0.80000000000000004,,1.0,0.19999999999999996,0.50040242353818787,False,1.0,2,4,71,1.0,116
early,0,True,True,1,1.0,0.0,0.19999999999999996,1.5,2.0,0.19999999999999996,0.50040242353818787,False,1.0,2,4,72,4.0,117
later,1,False,True,0,1.0,0.0,0.80000000000000004,,1.0,0.19999999999999996,0.50040242353818787,False,0.0,2,4,73,1.0,118
early,1,True,True,1,1.0,0.0,0.80000000000000004,1.5,2.0,0.19999999999999996,0.50040242353818787,False,0.0,2,4,74,1.0,119
later,1,False,True,0,1.0,0.0,0.66666666666666663,,1.0,0.33333333333333337,0.63651416829481278,False,0.0,3,5,0,2.0,0
later,1,False,True,1,0.0,0.0,0.66666666666666663,,1.0,0.33333333333333337,0.63651416829481278,True,0.0,3,5,1,2.0,1
catch,1,True,False,1,,,0.66666666666666663,1.5,1.0,0.33333333333333337,0.63651416829481278,False,,3,5,2,3.0,2
early,1,True,True,0,1.0,1.0,0.66666666666666663,1.5,2.0,0.33333333333333337,0.63651416829481278,True,1.0,3,5,3,2.0,3
catch,1,True,False,0,,,0.66666666666666663,1.5,1.0,0.33333333333333337,0.63651416829481278,False,,3,5,4,2.0,4
catch,1,True,False,1,,,0.66666666666666663,1.5,1.0,0.33333333333333337,0.63651416829481278,False,,3,5,5,1.0,5
catch,0,True,False,0,,,0.33333333333333337,1.5,1.0,0.33333333333333337,0.63651416829481278,False,,3,5,6,1.0,6
later,0,False,True,0,0.0,0.0,0.33333333333333337,,1.0,0.33333333333333337,0.63651416829481278,True,0.0,3,5,7,1.0,7
early,0,True,True,0,1.0,0.0,0.33333333333333337,1.5,2.0,0.33333333333333337,0.63651416829481278,False,1.0,3,5,8,1.0,8
later,0,False,True,1,0.0,0.0,0.33333333333333337,,1.0,0.33333333333333337,0.63651416829481278,True,0.0,3,5,9,2.0,9
early,1,True,True,1,0.0,1.0,0.66666666666666663,1.5,2.0,0.33333333333333337,0.63651416829481278,False,1.0,3,5,10,1.0,10
later,1,False,True,1,1.0,0.0,0.66666666666666663,,1.0,0.33333333333333337,0.63651416829481278,False,0.0,3,5,11,1.0,11
later,1,False,True,0,0.0,0.0,0.66666666666666663,,1.0,0.33333333333333337,0.63651416829481278,True,0.0,3,5,12,1.0,12
catch,1,True,False,0,,,0.66666666666666663,1.5,1.0,0.33333333333333337,0.63651416829481278,False,,3,5,13,1.0,13
catch,1,True,False,1,,,0.66666666666666663,1.5,1.0,0.33333333333333337,0.63651416829481278,False,,3,5,14,1.0,14
early,1,True,True,0,0.0,0.0,0.66666666666666663,1.5,2.0,0.33333333333333337,0.63651416829481278,True,0.0,3,5,15,2.0,15
early,1,True,True,0,0.0,1.0,0.66666666666666663,1.5,2.0,0.33333333333333337,0.63651416829481278,False,1.0,3,5,16,1.0,16
early,1,True,True,1,0.0,0.0,0.66666666666666663,1.5,2.0,0.33333333333333337,0.63651416829481278,True,0.0,3,5,17,2.0,17
catch,1,True,False,1,,,0.66666666666666663,1.5,1.0,0.33333333333333337,0.63651416829481278,False,,3,5,18,1.0,18
early,0,True,True,0,0.0,0.0,0.33333333333333337,1.5,2.0,0.33333333333333337,0.63651416829481278,True,0.0,3,5,19,2.0,19
catch,1,True,False,0,,,0.66666666666666663,1.5,1.0,0.33333333333333337,0.63651416829481278,False,,3,5,20,1.0,20
catch,1,True,False,1,,,0.66666666666666663,1.5,1.0,0.33333333333333337,0.63651416829481278,False,,3,5,21,2.0,21
later,1,False,True,0,1.0,1.0,0.66666666666666663,,1.0,0.33333333333333337,0.63651416829481278,True,1.0,3,5,22,1.0,22
catch,0,True,False,1,,,0.33333333333333337,1.5,1.0,0.33333333333333337,0.63651416829481278,False,,3,5,23,2.0,23
catch,1,True,False,1,,,0.66666666666666663,1.5,1.0,0.33333333333333337,0.63651416829481278,False,,3,5,24,1.0,24
early,1,True,True,0,1.0,1.0,0.66666666666666663,1.5,2.0,0.33333333333333337,0.63651416829481278,True,1.0,3,5,25,3.0,25
early,1,True,True,1,0.0,1.0,0.66666666666666663,1.5,2.0,0.33333333333333337,0.63651416829481278,False,1.0,3,5,26,1.0,26
catch,1,True,False,0,,,0.66666666666666663,1.5,1.0,0.33333333333333337,0.63651416829481278,False,,3,5,27,3.0,27
early,1,True,True,1,1.0,1.0,0.66666666666666663,1.5,2.0,0.33333333333333337,0.63651416829481278,True,1.0,3,5,28,3.0,28
early,0,True,True,0,0.0,0.0,0.33333333333333337,1.5,2.0,0.33333333333333337,0.63651416829481278,True,0.0,3,5,29,1.0,29
later,1,False,True,1,0.0,1.0,0.66666666666666663,,1.0,0.33333333333333337,0.63651416829481278,False,1.0,3,5,30,1.0,30
early,0,True,True,1,1.0,1.0,0.33333333333333337,1.5,2.0,0.33333333333333337,0.63651416829481278,True,1.0,3,5,31,2.0,31
early,1,True,True,1,1.0,1.0,0.66666666666666663,1.5,2.0,0.33333333333333337,0.63651416829481278,True,1.0,3,5,32,1.0,32
catch,0,True,False,0,,,0.33333333333333337,1.5,1.0,0.33333333333333337,0.63651416829481278,False,,3,5,33,2.0,33
catch,0,True,False,0,,,0.33333333333333337,1.5,1.0,0.33333333333333337,0.63651416829481278,False,,3,5,34,1.0,34
later,0,False,True,0,0.0,1.0,0.33333333333333337,,1.0,0.33333333333333337,0.63651416829481278,False,0.0,3,5,35,1.0,35
early,0,True,True,1,1.0,1.0,0.33333333333333337,1.5,2.0,0.33333333333333337,0.63651416829481278,True,1.0,3,5,36,2.0,36
later,1,False,True,1,1.0,1.0,0.66666666666666663,,1.0,0.33333333333333337,0.63651416829481278,True,1.0,3,5,37,2.0,37
later,0,False,True,0,0.0,1.0,0.33333333333333337,,1.0,0.33333333333333337,0.63651416829481278,False,0.0,3,5,38,5.0,38
later,0,False,True,1,0.0,1.0,0.33333333333333337,,1.0,0.33333333333333337,0.63651416829481278,False,0.0,3,5,39,2.0,39
catch,0,True,False,0,,,0.33333333333333337,1.5,1.0,0.33333333333333337,0.63651416829481278,False,,3,5,40,1.0,40
later,1,False,True,0,0.0,0.0,0.66666666666666663,,1.0,0.33333333333333337,0.63651416829481278,True,0.0,3,5,41,5.0,41
later,0,False,True,0,1.0,0.0,0.33333333333333337,,1.0,0.33333333333333337,0.63651416829481278,False,1.0,3,5,42,1.0,42
later,1,False,True,0,1.0,1.0,0.66666666666666663,,1.0,0.33333333333333337,0.63651416829481278,True,1.0,3,5,43,1.0,43
catch,1,True,False,1,,,0.66666666666666663,1.5,1.0,0.33333333333333337,0.63651416829481278,False,,3,5,44,1.0,44
later,0,False,True,1,0.0,0.0,0.33333333333333337,,1.0,0.33333333333333337,0.63651416829481278,True,0.0,3,5,45,1.0,45
catch,0,True,False,1,,,0.33333333333333337,1.5,1.0,0.33333333333333337,0.63651416829481278,False,,3,5,46,2.0,46
early,1,True,True,0,0.0,0.0,0.66666666666666663,1.5,2.0,0.33333333333333337,0.63651416829481278,True,0.0,3,5,47,1.0,47
later,1,False,True,1,0.0,0.0,0.66666666666666663,,1.0,0.33333333333333337,0.63651416829481278,True,0.0,3,5,48,1.0,48
later,1,False,True,1,1.0,0.0,0.66666666666666663,,1.0,0.33333333333333337,0.63651416829481278,False,0.0,3,5,49,1.0,49
later,0,False,True,0,1.0,0.0,0.33333333333333337,,1.0,0.33333333333333337,0.63651416829481278,False,1.0,3,5,50,1.0,50
catch,1,True,False,0,,,0.66666666666666663,1.5,1.0,0.33333333333333337,0.63651416829481278,False,,3,5,51,1.0,51
catch,1,True,False,1,,,0.66666666666666663,1.5,1.0,0.33333333333333337,0.63651416829481278,False,,3,5,52,1.0,52
catch,1,True,False,0,,,0.66666666666666663,1.5,1.0,0.33333333333333337,0.63651416829481278,False,,3,5,53,1.0,53
early,1,True,True,1,1.0,0.0,0.66666666666666663,1.5,2.0,0.33333333333333337,0.63651416829481278,False,0.0,3,5,54,3.0,54
later,1,False,True,1,1.0,0.0,0.66666666666666663,,1.0,0.33333333333333337,0.63651416829481278,False,0.0,3,5,55,1.0,55
catch,1,True,False,0,,,0.66666666666666663,1.5,1.0,0.33333333333333337,0.63651416829481278,False,,3,5,56,3.0,56
early,1,True,True,0,1.0,1.0,0.66666666666666663,1.5,2.0,0.33333333333333337,0.63651416829481278,True,1.0,3,5,57,1.0,57
early,1,True,True,0,0.0,1.0,0.66666666666666663,1.5,2.0,0.33333333333333337,0.63651416829481278,False,1.0,3,5,58,2.0,58
early,0,True,True,0,1.0,0.0,0.33333333333333337,1.5,2.0,0.33333333333333337,0.63651416829481278,False,1.0,3,5,59,2.0,59
early,0,True,True,1,1.0,1.0,0.80000000000000004,1.5,2.0,0.80000000000000004,0.50040242353818787,True,1.0,4,5,60,1.0,0
early,0,True,True,0,1.0,1.0,0.80000000000000004,1.5,2.0,0.80000000000000004,0.50040242353818787,True,1.0,4,5,61,3.0,1
early,0,True,True,1,0.0,1.0,0.80000000000000004,1.5,2.0,0.80000000000000004,0.50040242353818787,False,0.0,4,5,62,1.0,2
catch,0,True,False,1,,,0.80000000000000004,1.5,1.0,0.80000000000000004,0.50040242353818787,False,,4,5,63,2.0,3
later,0,False,True,0,0.0,0.0,0.80000000000000004,,1.0,0.80000000000000004,0.50040242353818787,True,0.0,4,5,64,1.0,4
early,0,True,True,1,1.0,1.0,0.80000000000000004,1.5,2.0,0.80000000000000004,0.50040242353818787,True,1.0,4,5,65,3.0,5
early,0,True,True,0,1.0,0.0,0.80000000000000004,1.5,2.0,0.80000000000000004,0.50040242353818787,False,1.0,4,5,66,1.0,6
catch,0,True,False,1,,,0.80000000000000004,1.5,1.0,0.80000000000000004,0.50040242353818787,False,,4,5,67,2.0,7
early,0,True,True,0,0.0,1.0,0.80000000000000004,1.5,2.0,0.80000000000000004,0.50040242353818787,False,0.0,4,5,68,2.0,8
catch,1,True,False,0,,,0.20000000000000001,1.5,1.0,0.80000000000000004,0.50040242353818787,False,,4,5,69,1.0,9
later,0,False,True,1,0.0,0.0,0.80000000000000004,,1.0,0.80000000000000004,0.50040242353818787,True,0.0,4,5,70,1.0,10
catch,0,True,False,1,,,0.80000000000000004,1.5,1.0,0.80000000000000004,0.50040242353818787,False,,4,5,71,1.0,11
later,0,False,True,0,0.0,1.0,0.80000000000000004,,1.0,0.80000000000000004,0.50040242353818787,False,0.0,4,5,72,1.0,12
early,1,True,True,1,1.0,1.0,0.20000000000000001,1.5,2.0,0.80000000000000004,0.50040242353818787,True,1.0,4,5,73,2.0,13
early,1,True,True,1,0.0,0.0,0.20000000000000001,1.5,2.0,0.80000000000000004,0.50040242353818787,True,0.0,4,5,74,3.0,14
early,0,True,True,0,0.0,0.0,0.80000000000000004,1.5,2.0,0.80000000000000004,0.50040242353818787,True,0.0,4,6,0,2.0,15
early,0,True,True,0,0.0,1.0,0.80000000000000004,1.5,2.0,0.80000000000000004,0.50040242353818787,False,0.0,4,6,1,3.0,16
later,0,False,True,1,0.0,0.0,0.80000000000000004,,1.0,0.80000000000000004,0.50040242353818787,True,0.0,4,6,2,1.0,17
catch,0,True,False,0,,,0.80000000000000004,1.5,1.0,0.80000000000000004,0.50040242353818787,False,,4,6,3,1.0,18
catch,1,True,False,1,,,0.20000000000000001,1.5,1.0,0.80000000000000004,0.50040242353818787,False,,4,6,4,4.0,19
early,0,True,True,1,1.0,0.0,0.80000000000000004,1.5,2.0,0.80000000000000004,0.50040242353818787,False,1.0,4,6,5,2.0,20
catch,0,True,False,1,,,0.80000000000000004,1.5,1.0,0.80000000000000004,0.50040242353818787,False,,4,6,6,1.0,21
catch,0,True,False,1,,,0.80000000000000004,1.5,1.0,0.80000000000000004,0.50040242353818787,False,,4,6,7,1.0,22
later,0,False,True,0,1.0,0.0,0.80000000000000004,,1.0,0.80000000000000004,0.50040242353818787,False,1.0,4,6,8,2.0,23
later,0,False,True,0,1.0,0.0,0.80000000000000004,,1.0,0.80000000000000004,0.50040242353818787,False,1.0,4,6,9,1.0,24
early,1,True,True,1,1.0,0.0,0.20000000000000001,1.5,2.0,0.80000000000000004,0.50040242353818787,False,0.0,4,6,10,2.0,25
early,1,True,True,1,0.0,1.0,0.20000000000000001,1.5,2.0,0.80000000000000004,0.50040242353818787,False,1.0,4,6,11,4.0,26
early,0,True,True,0,1.0,0.0,0.80000000000000004,1.5,2.0,0.80000000000000004,0.50040242353818787,False,1.0,4,6,12,2.0,27
catch,1,True,False,0,,,0.20000000000000001,1.5,1.0,0.80000000000000004,0.50040242353818787,False,,4,6,13,1.0,28
catch,0,True,False,0,,,0.80000000000000004,1.5,1.0,0.80000000000000004,0.50040242353818787,False,,4,6,14,1.0,29
later,0,False,True,1,1.0,0.0,0.80000000000000004,,1.0,0.80000000000000004,0.50040242353818787,False,1.0,4,6,15,3.0,30
catch,0,True,False,1,,,0.80000000000000004,1.5,1.0,0.80000000000000004,0.50040242353818787,False,,4,6,16,1.0,31
early,0,True,True,1,1.0,0.0,0.80000000000000004,1.5,2.0,0.80000000000000004,0.50040242353818787,False,1.0,4,6,17,2.0,32
later,1,False,True,1,0.0,1.0,0.20000000000000001,,1.0,0.80000000000000004,0.50040242353818787,False,1.0,4,6,18,1.0,33
early,0,True,True,0,0.0,1.0,0.80000000000000004,1.5,2.0,0.80000000000000004,0.50040242353818787,False,0.0,4,6,19,1.0,34
early,0,True,True,0,1.0,1.0,0.80000000000000004,1.5,2.0,0.80000000000000004,0.50040242353818787,True,1.0,4,6,20,2.0,35
early,0,True,True,1,1.0,0.0,0.80000000000000004,1.5,2.0,0.80000000000000004,0.50040242353818787,False,1.0,4,6,21,1.0,36
later,0,False,True,0,1.0,0.0,0.80000000000000004,,1.0,0.80000000000000004,0.50040242353818787,False,1.0,4,6,22,2.0,37
catch,0,True,False,0,,,0.80000000000000004,1.5,1.0,0.80000000000000004,0.50040242353818787,False,,4,6,23,2.0,38
catch,0,True,False,0,,,0.80000000000000004,1.5,1.0,0.80000000000000004,0.50040242353818787,False,,4,6,24,5.0,39
early,0,True,True,1,0.0,1.0,0.80000000000000004,1.5,2.0,0.80000000000000004,0.50040242353818787,False,0.0,4,6,25,5.0,40
early,0,True,True,1,1.0,1.0,0.80000000000000004,1.5,2.0,0.80000000000000004,0.50040242353818787,True,1.0,4,6,26,2.0,41
later,0,False,True,0,1.0,0.0,0.80000000000000004,,1.0,0.80000000000000004,0.50040242353818787,False,1.0,4,6,27,1.0,42
early,0,True,True,1,0.0,0.0,0.80000000000000004,1.5,2.0,0.80000000000000004,0.50040242353818787,True,0.0,4,6,28,2.0,43
catch,1,True,False,1,,,0.20000000000000001,1.5,1.0,0.80000000000000004,0.50040242353818787,False,,4,6,29,3.0,44
early,1,True,True,0,0.0,0.0,0.20000000000000001,1.5,2.0,0.80000000000000004,0.50040242353818787,True,0.0,4,6,30,1.0,45
catch,0,True,False,1,,,0.80000000000000004,1.5,1.0,0.80000000000000004,0.50040242353818787,False,,4,6,31,1.0,46
later,0,False,True,1,0.0,0.0,0.80000000000000004,,1.0,0.80000000000000004,0.50040242353818787,True,0.0,4,6,32,1.0,47
later,0,False,True,0,1.0,1.0,0.80000000000000004,,1.0,0.80000000000000004,0.50040242353818787,True,1.0,4,6,33,2.0,48
later,1,False,True,0,1.0,0.0,0.20000000000000001,,1.0,0.80000000000000004,0.50040242353818787,False,0.0,4,6,34,1.0,49
later,0,False,True,0,1.0,1.0,0.80000000000000004,,1.0,0.80000000000000004,0.50040242353818787,True,1.0,4,6,35,1.0,50
early,0,True,True,0,0.0,1.0,0.80000000000000004,1.5,2.0,0.80000000000000004,0.50040242353818787,False,0.0,4,6,36,3.0,51
early,0,True,True,0,1.0,1.0,0.80000000000000004,1.5,2.0,0.80000000000000004,0.50040242353818787,True,1.0,4,6,37,1.0,52
later,0,False,True,1,1.0,1.0,0.80000000000000004,,1.0,0.80000000000000004,0.50040242353818787,True,1.0,4,6,38,1.0,53
catch,1,True,False,1,,,0.20000000000000001,1.5,1.0,0.80000000000000004,0.50040242353818787,False,,4,6,39,5.0,54
later,1,False,True,0,0.0,1.0,0.20000000000000001,,1.0,0.80000000000000004,0.50040242353818787,False,1.0,4,6,40,1.0,55
later,0,False,True,0,1.0,1.0,0.80000000000000004,,1.0,0.80000000000000004,0.50040242353818787,True,1.0,4,6,41,3.0,56
catch,0,True,False,1,,,0.80000000000000004,1.5,1.0,0.80000000000000004,0.50040242353818787,False,,4,6,42,1.0,57
early,0,True,True,1,1.0,1.0,0.80000000000000004,1.5,2.0,0.80000000000000004,0.50040242353818787,True,1.0,4,6,43,1.0,58
later,0,False,True,1,1.0,1.0,0.80000000000000004,,1.0,0.80000000000000004,0.50040242353818787,True,1.0,4,6,44,1.0,59
later,0,False,True,1,0.0,0.0,0.80000000000000004,,1.0,0.80000000000000004,0.50040242353818787,True,0.0,4,6,45,1.0,60
catch,0,True,False,0,,,0.80000000000000004,1.5,1.0,0.80000000000000004,0.50040242353818787,False,,4,6,46,2.0,61
early,0,True,True,0,0.0,0.0,0.80000000000000004,1.5,2.0,0.80000000000000004,0.50040242353818787,True,0.0,4,6,47,1.0,62
early,0,True,True,1,1.0,0.0,0.80000000000000004,1.5,2.0,0.80000000000000004,0.50040242353818787,False,1.0,4,6,48,4.0,63
later,1,False,True,0,0.0,0.0,0.20000000000000001,,1.0,0.80000000000000004,0.50040242353818787,True,0.0,4,6,49,2.0,64
early,0,True,True,1,1.0,0.0,0.80000000000000004,1.5,2.0,0.80000000000000004,0.50040242353818787,False,1.0,4,6,50,1.0,65
later,0,False,True,1,1.0,0.0,0.80000000000000004,,1.0,0.80000000000000004,0.50040242353818787,False,1.0,4,6,51,1.0,66
later,0,False,True,0,0.0,1.0,0.80000000000000004,,1.0,0.80000000000000004,0.50040242353818787,False,0.0,4,6,52,1.0,67
catch,0,True,False,1,,,0.80000000000000004,1.5,1.0,0.80000000000000004,0.50040242353818787,False,,4,6,53,1.0,68
early,0,True,True,0,1.0,0.0,0.80000000000000004,1.5,2.0,0.80000000000000004,0.50040242353818787,False,1.0,4,6,54,1.0,69
catch,1,True,False,0,,,0.20000000000000001,1.5,1.0,0.80000000000000004,0.50040242353818787,False,,4,6,55,1.0,70
later,0,False,True,1,0.0,1.0,0.80000000000000004,,1.0,0.80000000000000004,0.50040242353818787,False,0.0,4,6,56,3.0,71
early,0,True,True,1,0.0,1.0,0.80000000000000004,1.5,2.0,0.80000000000000004,0.50040242353818787,False,0.0,4,6,57,2.0,72
catch,1,True,False,0,,,0.20000000000000001,1.5,1.0,0.80000000000000004,0.50040242353818787,False,,4,6,58,1.0,73
catch,0,True,False,1,,,0.80000000000000004,1.5,1.0,0.80000000000000004,0.50040242353818787,False,,4,6,59,1.0,74
early,0,True,True,0,0.0,0.0,0.80000000000000004,1.5,2.0,0.80000000000000004,0.50040242353818787,True,0.0,4,6,60,1.0,75
later,0,False,True,0,1.0,1.0,0.80000000000000004,,1.0,0.80000000000000004,0.50040242353818787,True,1.0,4,6,61,1.0,76
later,0,False,True,0,0.0,0.0,0.80000000000000004,,1.0,0.80000000000000004,0.50040242353818787,True,0.0,4,6,62,1.0,77
catch,0,True,False,0,,,0.80000000000000004,1.5,1.0,0.80000000000000004,0.50040242353818787,False,,4,6,63,1.0,78
catch,0,True,False,0,,,0.80000000000000004,1.5,1.0,0.80000000000000004,0.50040242353818787,False,,4,6,64,1.0,79
catch,0,True,False,0,,,0.80000000000000004,1.5,1.0,0.80000000000000004,0.50040242353818787,False,,4,6,65,1.0,80
catch,0,True,False,0,,,0.80000000000000004,1.5,1.0,0.80000000000000004,0.50040242353818787,False,,4,6,66,2.0,81
catch,0,True,False,0,,,0.80000000000000004,1.5,1.0,0.80000000000000004,0.50040242353818787,False,,4,6,67,3.0,82
catch,1,True,False,0,,,0.20000000000000001,1.5,1.0,0.80000000000000004,0.50040242353818787,False,,4,6,68,1.0,83
later,0,False,True,1,0.0,0.0,0.80000000000000004,,1.0,0.80000000000000004,0.50040242353818787,True,0.0,4,6,69,1.0,84
later,0,False,True,1,1.0,1.0,0.80000000000000004,,1.0,0.80000000000000004,0.50040242353818787,True,1.0,4,6,70,1.0,85
catch,0,True,False,0,,,0.80000000000000004,1.5,1.0,0.80000000000000004,0.50040242353818787,False,,4,6,71,1.0,86
later,1,False,True,1,1.0,1.0,0.20000000000000001,,1.0,0.80000000000000004,0.50040242353818787,True,1.0,4,6,72,2.0,87
catch,0,True,False,0,,,0.80000000000000004,1.5,1.0,0.80000000000000004,0.50040242353818787,False,,4,6,73,1.0,88
catch,0,True,False,1,,,0.80000000000000004,1.5,1.0,0.80000000000000004,0.50040242353818787,False,,4,6,74,1.0,89
catch,0,True,False,0,,,0.80000000000000004,1.5,1.0,0.80000000000000004,0.50040242353818787,False,,4,7,0,1.0,90
early,0,True,True,0,1.0,1.0,0.80000000000000004,1.5,2.0,0.80000000000000004,0.50040242353818787,True,1.0,4,7,1,1.0,91
catch,0,True,False,1,,,0.80000000000000004,1.5,1.0,0.80000000000000004,0.50040242353818787,False,,4,7,2,1.0,92
later,0,False,True,0,0.0,1.0,0.80000000000000004,,1.0,0.80000000000000004,0.50040242353818787,False,0.0,4,7,3,1.0,93
catch,0,True,False,1,,,0.80000000000000004,1.5,1.0,0.80000000000000004,0.50040242353818787,False,,4,7,4,1.0,94
later,0,False,True,0,1.0,0.0,0.80000000000000004,,1.0,0.80000000000000004,0.50040242353818787,False,1.0,4,7,5,2.0,95
later,1,False,True,0,0.0,1.0,0.20000000000000001,,1.0,0.80000000000000004,0.50040242353818787,False,1.0,4,7,6,1.0,96
early,0,True,True,1,0.0,0.0,0.80000000000000004,1.5,2.0,0.80000000000000004,0.50040242353818787,True,0.0,4,7,7,2.0,97
later,0,False,True,0,0.0,1.0,0.80000000000000004,,1.0,0.80000000000000004,0.50040242353818787,False,0.0,4,7,8,1.0,98
catch,0,True,False,1,,,0.80000000000000004,1.5,1.0,0.80000000000000004,0.50040242353818787,False,,4,7,9,1.0,99
catch,0,True,False,0,,,0.80000000000000004,1.5,1.0,0.80000000000000004,0.50040242353818787,False,,4,7,10,2.0,100
early,1,True,True,0,0.0,1.0,0.20000000000000001,1.5,2.0,0.80000000000000004,0.50040242353818787,False,1.0,4,7,11,1.0,101
catch,0,True,False,0,,,0.80000000000000004,1.5,1.0,0.80000000000000004,0.50040242353818787,False,,4,7,12,3.0,102
early,0,True,True,1,0.0,1.0,0.80000000000000004,1.5,2.0,0.80000000000000004,0.50040242353818787,False,0.0,4,7,13,1.0,103
early,0,True,True,1,0.0,0.0,0.80000000000000004,1.5,2.0,0.80000000000000004,0.50040242353818787,True,0.0,4,7,14,1.0,104
later,0,False,True,0,1.0,0.0,0.80000000000000004,,1.0,0.80000000000000004,0.50040242353818787,False,1.0,4,7,15,1.0,105
later,0,False,True,1,0.0,1.0,0.80000000000000004,,1.0,0.80000000000000004,0.50040242353818787,False,0.0,4,7,16,2.0,106
early,1,True,True,0,1.0,0.0,0.20000000000000001,1.5,2.0,0.80000000000000004,0.50040242353818787,False,0.0,4,7,17,1.0,107
early,0,True,True,0,1.0,1.0,0.80000000000000004,1.5,2.0,0.80000000000000004,0.50040242353818787,True,1.0,4,7,18,1.0,108
early,0,True,True,0,1.0,0.0,0.80000000000000004,1.5,2.0,0.80000000000000004,0.50040242353818787,False,1.0,4,7,19,1.0,109
early,0,True,True,1,1.0,1.0,0.80000000000000004,1.5,2.0,0.80000000000000004,0.50040242353818787,True,1.0,4,7,20,5.0,110
later,0,False,True,1,1.0,0.0,0.80000000000000004,,1.0,0.80000000000000004,0.50040242353818787,False,1.0,4,7,21,1.0,111
later,0,False,True,1,0.0,1.0,0.80000000000000004,,1.0,0.80000000000000004,0.50040242353818787,False,0.0,4,7,22,1.0,112
later,0,False,True,1,0.0,1.0,0.80000000000000004,,1.0,0.80000000000000004,0.50040242353818787,False,0.0,4,7,23,2.0,113
later,0,False,True,0,0.0,1.0,0.80000000000000004,,1.0,0.80000000000000004,0.50040242353818787,False,0.0,4,7,24,1.0,114
catch,1,True,False,1,,,0.20000000000000001,1.5,1.0,0.80000000000000004,0.50040242353818787,False,,4,7,25,1.0,115
catch,0,True,False,1,,,0.80000000000000004,1.5,1.0,0.80000000000000004,0.50040242353818787,False,,4,7,26,2.0,116
early,1,True,True,1,1.0,0.0,0.20000000000000001,1.5,2.0,0.80000000000000004,0.50040242353818787,False,0.0,4,7,27,3.0,117
early,0,True,True,1,0.0,0.0,0.80000000000000004,1.5,2.0,0.80000000000000004,0.50040242353818787,True,0.0,4,7,28,1.0,118
later,0,False,True,1,0.0,1.0,0.80000000000000004,,1.0,0.80000000000000004,0.50040242353818787,False,0.0,4,7,29,2.0,119
catch,1,True,False,1,,,0.66666666666666663,1.5,1.0,0.33333333333333337,0.63651416829481278,False,,5,7,30,2.0,60
early,0,True,True,1,0.0,1.0,0.33333333333333337,1.5,2.0,0.33333333333333337,0.63651416829481278,False,0.0,5,7,31,2.0,61
later,0,False,True,1,1.0,0.0,0.33333333333333337,,1.0,0.33333333333333337,0.63651416829481278,False,1.0,5,7,32,1.0,62
catch,0,True,False,0,,,0.33333333333333337,1.5,1.0,0.33333333333333337,0.63651416829481278,False,,5,7,33,2.0,63
early,1,True,True,0,0.0,0.0,0.66666666666666663,1.5,2.0,0.33333333333333337,0.63651416829481278,True,0.0,5,7,34,1.0,64
later,1,False,True,0,0.0,0.0,0.66666666666666663,,1.0,0.33333333333333337,0.63651416829481278,True,0.0,5,7,35,1.0,65
later,1,False,True,0,1.0,1.0,0.66666666666666663,,1.0,0.33333333333333337,0.63651416829481278,True,1.0,5,7,36,2.0,66
early,1,True,True,1,0.0,0.0,0.66666666666666663,1.5,2.0,0.33333333333333337,0.63651416829481278,True,0.0,5,7,37,1.0,67
early,1,True,True,1,0.0,0.0,0.66666666666666663,1.5,2.0,0.33333333333333337,0.63651416829481278,True,0.0,5,7,38,1.0,68
early,0,True,True,1,0.0,0.0,0.33333333333333337,1.5,2.0,0.33333333333333337,0.63651416829481278,True,0.0,5,7,39,5.0,69
catch,1,True,False,1,,,0.66666666666666663,1.5,1.0,0.33333333333333337,0.63651416829481278,False,,5,7,40,1.0,70
catch,1,True,False,0,,,0.66666666666666663,1.5,1.0,0.33333333333333337,0.63651416829481278,False,,5,7,41,1.0,71
later,1,False,True,1,1.0,0.0,0.66666666666666663,,1.0,0.33333333333333337,0.63651416829481278,False,0.0,5,7,42,1.0,72
catch,1,True,False,0,,,0.66666666666666663,1.5,1.0,0.33333333333333337,0.63651416829481278,False,,5,7,43,2.0,73
catch,1,True,False,0,,,0.66666666666666663,1.5,1.0,0.33333333333333337,0.63651416829481278,False,,5,7,44,2.0,74
early,1,True,True,1,0.0,1.0,0.66666666666666663,1.5,2.0,0.33333333333333337,0.63651416829481278,False,1.0,5,7,45,2.0,75
later,0,False,True,1,0.0,1.0,0.33333333333333337,,1.0,0.33333333333333337,0.63651416829481278,False,0.0,5,7,46,2.0,76
later,1,False,True,0,0.0,0.0,0.66666666666666663,,1.0,0.33333333333333337,0.63651416829481278,True,0.0,5,7,47,1.0,77
early,0,True,True,1,0.0,1.0,0.33333333333333337,1.5,2.0,0.33333333333333337,0.63651416829481278,False,0.0,5,7,48,2.0,78
catch,1,True,False,1,,,0.66666666666666663,1.5,1.0,0.33333333333333337,0.63651416829481278,False,,5,7,49,1.0,79
later,0,False,True,1,0.0,1.0,0.33333333333333337,,1.0,0.33333333333333337,0.63651416829481278,False,0.0,5,7,50,1.0,80
early,0,True,True,1,0.0,0.0,0.33333333333333337,1.5,2.0,0.33333333333333337,0.63651416829481278,True,0.0,5,7,51,1.0,81
later,1,False,True,0,0.0,1.0,0.66666666666666663,,1.0,0.33333333333333337,0.63651416829481278,False,1.0,5,7,52,5.0,82
later,0,False,True,1,1.0,0.0,0.33333333333333337,,1.0,0.33333333333333337,0.63651416829481278,False,1.0,5,7,53,4.0,83
later,1,False,True,0,0.0,1.0,0.66666666666666663,,1.0,0.33333333333333337,0.63651416829481278,False,1.0,5,7,54,1.0,84
catch,1,True,False,0,,,0.66666666666666663,1.5,1.0,0.33333333333333337,0.63651416829481278,False,,5,7,55,1.0,85
later,1,False,True,1,0.0,1.0,0.66666666666666663,,1.0,0.33333333333333337,0.63651416829481278,False,1.0,5,7,56,5.0,86
later,1,False,True,0,0.0,1.0,0.66666666666666663,,1.0,0.33333333333333337,0.63651416829481278,False,1.0,5,7,57,1.0,87
later,0,False,True,0,0.0,0.0,0.33333333333333337,,1.0,0.33333333333333337,0.63651416829481278,True,0.0,5,7,58,2.0,88
early,1,True,True,0,0.0,1.0,0.66666666666666663,1.5,2.0,0.33333333333333337,0.63651416829481278,False,1.0,5,7,59,1.0,89
catch,1,True,False,1,,,0.66666666666666663,1.5,1.0,0.33333333333333337,0.63651416829481278,False,,5,7,60,1.0,90
catch,1,True,False,1,,,0.66666666666666663,1.5,1.0,0.33333333333333337,0.63651416829481278,False,,5,7,61,2.0,91
later,1,False,True,0,1.0,0.0,0.66666666666666663,,1.0,0.33333333333333337,0.63651416829481278,False,0.0,5,7,62,1.0,92
early,1,True,True,1,0.0,1.0,0.66666666666666663,1.5,2.0,0.33333333333333337,0.63651416829481278,False,1.0,5,7,63,1.0,93
later,1,False,True,0,0.0,1.0,0.66666666666666663,,1.0,0.33333333333333337,0.63651416829481278,False,1.0,5,7,64,2.0,94
catch,1,True,False,1,,,0.66666666666666663,1.5,1.0,0.33333333333333337,0.63651416829481278,False,,5,7,65,2.0,95
early,1,True,True,0,1.0,1.0,0.66666666666666663,1.5,2.0,0.33333333333333337,0.63651416829481278,True,1.0,5,7,66,1.0,96
later,1,False,True,1,0.0,1.0,0.66666666666666663,,1.0,0.33333333333333337,0.63651416829481278,False,1.0,5,7,67,2.0,97
early,1,True,True,1,0.0,1.0,0.66666666666666663,1.5,2.0,0.33333333333333337,0.63651416829481278,False,1.0,5,7,68,2.0,98
catch,0,True,False,1,,,0.33333333333333337,1.5,1.0,0.33333333333333337,0.63651416829481278,False,,5,7,69,1.0,99
catch,1,True,False,1,,,0.66666666666666663,1.5,1.0,0.33333333333333337,0.63651416829481278,False,,5,7,70,1.0,100
catch,0,True,False,1,,,0.33333333333333337,1.5,1.0,0.33333333333333337,0.63651416829481278,False,,5,7,71,1.0,101
catch,1,True,False,0,,,0.66666666666666663,1.5,1.0,0.33333333333333337,0.63651416829481278,False,,5,7,72,1.0,102
early,1,True,True,0,0.0,1.0,0.66666666666666663,1.5,2.0,0.33333333333333337,0.63651416829481278,False,1.0,5,7,73,5.0,103
early,1,True,True,1,0.0,0.0,0.66666666666666663,1.5,2.0,0.33333333333333337,0.63651416829481278,True,0.0,5,7,74,2.0,104
early,1,True,True,1,1.0,0.0,0.66666666666666663,1.5,2.0,0.33333333333333337,0.63651416829481278,False,0.0,5,8,0,2.0,105
later,0,False,True,1,1.0,1.0,0.33333333333333337,,1.0,0.33333333333333337,0.63651416829481278,True,1.0,5,8,1,1.0,106
catch,1,True,False,0,,,0.66666666666666663,1.5,1.0,0.33333333333333337,0.63651416829481278,False,,5,8,2,4.0,107
later,1,False,True,1,1.0,1.0,0.66666666666666663,,1.0,0.33333333333333337,0.63651416829481278,True,1.0,5,8,3,3.0,108
early,1,True,True,0,1.0,0.0,0.66666666666666663,1.5,2.0,0.33333333333333337,0.63651416829481278,False,0.0,5,8,4,2.0,109
catch,0,True,False,0,,,0.33333333333333337,1.5,1.0,0.33333333333333337,0.63651416829481278,False,,5,8,5,1.0,110
later,1,False,True,0,0.0,1.0,0.66666666666666663,,1.0,0.33333333333333337,0.63651416829481278,False,1.0,5,8,6,1.0,111
later,0,False,True,1,1.0,0.0,0.33333333333333337,,1.0,0.33333333333333337,0.63651416829481278,False,1.0,5,8,7,1.0,112
early,0,True,True,0,0.0,1.0,0.33333333333333337,1.5,2.0,0.33333333333333337,0.63651416829481278,False,0.0,5,8,8,2.0,113
catch,0,True,False,1,,,0.33333333333333337,1.5,1.0,0.33333333333333337,0.63651416829481278,False,,5,8,9,1.0,114
later,1,False,True,1,0.0,1.0,0.66666666666666663,,1.0,0.33333333333333337,0.63651416829481278,False,1.0,5,8,10,1.0,115
early,1,True,True,0,0.0,0.0,0.66666666666666663,1.5,2.0,0.33333333333333337,0.63651416829481278,True,0.0,5,8,11,4.0,116
catch,0,True,False,1,,,0.33333333333333337,1.5,1.0,0.33333333333333337,0.63651416829481278,False,,5,8,12,1.0,117
early,1,True,True,0,1.0,0.0,0.66666666666666663,1.5,2.0,0.33333333333333337,0.63651416829481278,False,0.0,5,8,13,1.0,118
later,1,False,True,0,1.0,1.0,0.66666666666666663,,1.0,0.33333333333333337,0.63651416829481278,True,1.0,5,8,14,1.0,119
later,0,False,True,0,1.0,1.0,0.33333333333333337,,1.0,0.33333333333333337,0.63651416829481278,True,1.0,5,8,15,2.0,120
later,1,False,True,0,1.0,0.0,0.66666666666666663,,1.0,0.33333333333333337,0.63651416829481278,False,0.0,5,8,16,4.0,121
catch,1,True,False,0,,,0.66666666666666663,1.5,1.0,0.33333333333333337,0.63651416829481278,False,,5,8,17,1.0,122
later,0,False,True,0,1.0,1.0,0.33333333333333337,,1.0,0.33333333333333337,0.63651416829481278,True,1.0,5,8,18,2.0,123
early,1,True,True,1,1.0,1.0,0.66666666666666663,1.5,2.0,0.33333333333333337,0.63651416829481278,True,1.0,5,8,19,5.0,124
catch,0,True,False,0,,,0.33333333333333337,1.5,1.0,0.33333333333333337,0.63651416829481278,False,,5,8,20,2.0,125
catch,1,True,False,0,,,0.66666666666666663,1.5,1.0,0.33333333333333337,0.63651416829481278,False,,5,8,21,2.0,126
catch,0,True,False,0,,,0.33333333333333337,1.5,1.0,0.33333333333333337,0.63651416829481278,False,,5,8,22,2.0,127
later,1,False,True,1,0.0,1.0,0.66666666666666663,,1.0,0.33333333333333337,0.63651416829481278,False,1.0,5,8,23,1.0,128
later,0,False,True,1,1.0,1.0,0.33333333333333337,,1.0,0.33333333333333337,0.63651416829481278,True,1.0,5,8,24,1.0,129
catch,1,True,False,1,,,0.66666666666666663,1.5,1.0,0.33333333333333337,0.63651416829481278,False,,5,8,25,3.0,130
later,1,False,True,0,0.0,0.0,0.66666666666666663,,1.0,0.33333333333333337,0.63651416829481278,True,0.0,5,8,26,1.0,131
catch,1,True,False,0,,,0.66666666666666663,1.5,1.0,0.33333333333333337,0.63651416829481278,False,,5,8,27,1.0,132
catch,0,True,False,1,,,0.33333333333333337,1.5,1.0,0.33333333333333337,0.63651416829481278,False,,5,8,28,1.0,133
early,1,True,True,0,0.0,0.0,0.66666666666666663,1.5,2.0,0.33333333333333337,0.63651416829481278,True,0.0,5,8,29,2.0,134
later,1,False,True,1,1.0,1.0,0.66666666666666663,,1.0,0.33333333333333337,0.63651416829481278,True,1.0,5,8,30,1.0,135
catch,0,True,False,0,,,0.33333333333333337,1.5,1.0,0.33333333333333337,0.63651416829481278,False,,5,8,31,1.0,136
early,0,True,True,0,0.0,1.0,0.33333333333333337,1.5,2.0,0.33333333333333337,0.63651416829481278,False,0.0,5,8,32,1.0,137
catch,1,True,False,0,,,0.66666666666666663,1.5,1.0,0.33333333333333337,0.63651416829481278,False,,5,8,33,3.0,138
later,1,False,True,0,1.0,1.0,0.66666666666666663,,1.0,0.33333333333333337,0.63651416829481278,True,1.0,5,8,34,3.0,139
early,0,True,True,0,0.0,1.0,0.33333333333333337,1.5,2.0,0.33333333333333337,0.63651416829481278,False,0.0,5,8,35,1.0,140
early,1,True,True,0,1.0,0.0,0.66666666666666663,1.5,2.0,0.33333333333333337,0.63651416829481278,False,0.0,5,8,36,1.0,141
catch,0,True,False,1,,,0.33333333333333337,1.5,1.0,0.33333333333333337,0.63651416829481278,False,,5,8,37,1.0,142
later,1,False,True,1,1.0,1.0,0.66666666666666663,,1.0,0.33333333333333337,0.63651416829481278,True,1.0,5,8,38,1.0,143
early,1,True,True,1,1.0,0.0,0.66666666666666663,1.5,2.0,0.33333333333333337,0.63651416829481278,False,0.0,5,8,39,1.0,144
early,0,True,True,1,1.0,0.0,0.33333333333333337,1.5,2.0,0.33333333333333337,0.63651416829481278,False,1.0,5,8,40,1.0,145
catch,1,True,False,0,,,0.66666666666666663,1.5,1.0,0.33333333333333337,0.63651416829481278,False,,5,8,41,3.0,146
later,0,False,True,0,1.0,0.0,0.33333333333333337,,1.0,0.33333333333333337,0.63651416829481278,False,1.0,5,8,42,1.0,147
early,0,True,True,1,1.0,0.0,0.33333333333333337,1.5,2.0,0.33333333333333337,0.63651416829481278,False,1.0,5,8,43,1.0,148
early,1,True,True,0,1.0,0.0,0.66666666666666663,1.5,2.0,0.33333333333333337,0.63651416829481278,False,0.0,5,8,44,3.0,149
later,1,False,True,1,0.0,0.0,0.66666666666666663,,1.0,0.33333333333333337,0.63651416829481278,True,0.0,5,8,45,1.0,150
early,1,True,True,0,0.0,1.0,0.66666666666666663,1.5,2.0,0.33333333333333337,0.63651416829481278,False,1.0,5,8,46,3.0,151
early,1,True,True,1,0.0,0.0,0.66666666666666663,1.5,2.0,0.33333333333333337,0.63651416829481278,True,0.0,5,8,47,1.0,152
catch,0,True,False,1,,,0.33333333333333337,1.5,1.0,0.33333333333333337,0.63651416829481278,False,,5,8,48,1.0,153
early,1,True,True,0,1.0,0.0,0.66666666666666663,1.5,2.0,0.33333333333333337,0.63651416829481278,False,0.0,5,8,49,2.0,154
early,1,True,True,0,1.0,1.0,0.66666666666666663,1.5,2.0,0.33333333333333337,0.63651416829481278,True,1.0,5,8,50,1.0,155
catch,1,True,False,1,,,0.66666666666666663,1.5,1.0,0.33333333333333337,0.63651416829481278,False,,5,8,51,2.0,156
later,1,False,True,1,0.0,0.0,0.66666666666666663,,1.0,0.33333333333333337,0.63651416829481278,True,0.0,5,8,52,2.0,157
later,1,False,True,1,1.0,0.0,0.66666666666666663,,1.0,0.33333333333333337,0.63651416829481278,False,0.0,5,8,53,1.0,158
early,0,True,True,0,1.0,1.0,0.33333333333333337,1.5,2.0,0.33333333333333337,0.63651416829481278,True,1.0,5,8,54,1.0,159
early,0,True,True,0,1.0,1.0,0.33333333333333337,1.5,2.0,0.33333333333333337,0.63651416829481278,True,1.0,5,8,55,2.0,160
early,1,True,True,1,1.0,1.0,0.66666666666666663,1.5,2.0,0.33333333333333337,0.63651416829481278,True,1.0,5,8,56,4.0,161
later,1,False,True,1,0.0,0.0,0.66666666666666663,,1.0,0.33333333333333337,0.63651416829481278,True,0.0,5,8,57,1.0,162
later,1,False,True,0,1.0,0.0,0.66666666666666663,,1.0,0.33333333333333337,0.63651416829481278,False,0.0,5,8,58,1.0,163
catch,1,True,False,1,,,0.66666666666666663,1.5,1.0,0.33333333333333337,0.63651416829481278,False,,5,8,59,1.0,164
early,1,True,True,1,1.0,0.0,0.66666666666666663,1.5,2.0,0.33333333333333337,0.63651416829481278,False,0.0,5,8,60,2.0,165
early,0,True,True,1,1.0,0.0,0.33333333333333337,1.5,2.0,0.33333333333333337,0.63651416829481278,False,1.0,5,8,61,2.0,166
later,1,False,True,0,1.0,0.0,0.66666666666666663,,1.0,0.33333333333333337,0.63651416829481278,False,0.0,5,8,62,1.0,167
later,1,False,True,1,1.0,1.0,0.66666666666666663,,1.0,0.33333333333333337,0.63651416829481278,True,1.0,5,8,63,1.0,168
early,0,True,True,0,1.0,0.0,0.33333333333333337,1.5,2.0,0.33333333333333337,0.63651416829481278,False,1.0,5,8,64,1.0,169
early,0,True,True,1,0.0,1.0,0.33333333333333337,1.5,2.0,0.33333333333333337,0.63651416829481278,False,0.0,5,8,65,1.0,170
later,0,False,True,0,0.0,1.0,0.33333333333333337,,1.0,0.33333333333333337,0.63651416829481278,False,0.0,5,8,66,1.0,171
catch,0,True,False,1,,,0.33333333333333337,1.5,1.0,0.33333333333333337,0.63651416829481278,False,,5,8,67,2.0,172
early,1,True,True,1,1.0,1.0,0.66666666666666663,1.5,2.0,0.33333333333333337,0.63651416829481278,True,1.0,5,8,68,2.0,173
catch,0,True,False,0,,,0.33333333333333337,1.5,1.0,0.33333333333333337,0.63651416829481278,False,,5,8,69,1.0,174
catch,1,True,False,1,,,0.66666666666666663,1.5,1.0,0.33333333333333337,0.63651416829481278,False,,5,8,70,1.0,175
catch,1,True,False,0,,,0.66666666666666663,1.5,1.0,0.33333333333333337,0.63651416829481278,False,,5,8,71,1.0,176
catch,1,True,False,0,,,0.66666666666666663,1.5,1.0,0.33333333333333337,0.63651416829481278,False,,5,8,72,1.0,177
catch,1,True,False,1,,,0.66666666666666663,1.5,1.0,0.33333333333333337,0.63651416829481278,False,,5,8,73,1.0,178
early,1,True,True,1,1.0,0.0,0.66666666666666663,1.5,2.0,0.33333333333333337,0.63651416829481278,False,0.0,5,8,74,2.0,179
catch,0,True,False,1,,,0.5,1.5,1.0,0.5,0.69314718055994529,False,,6,9,0,1.0,120
catch,0,True,False,1,,,0.5,1.5,1.0,0.5,0.69314718055994529,False,,6,9,1,4.0,121
early,0,True,True,0,0.0,1.0,0.5,1.5,2.0,0.5,0.69314718055994529,False,0.0,6,9,2,1.0,122
early,0,True,True,1,0.0,0.0,0.5,1.5,2.0,0.5,0.69314718055994529,True,0.0,6,9,3,4.0,123
early,0,True,True,1,0.0,1.0,0.5,1.5,2.0,0.5,0.69314718055994529,False,0.0,6,9,4,2.0,124
early,0,True,True,1,1.0,1.0,0.5,1.5,2.0,0.5,0.69314718055994529,True,1.0,6,9,5,2.0,125
early,1,True,True,0,0.0,0.0,0.5,1.5,2.0,0.5,0.69314718055994529,True,0.0,6,9,6,1.0,126
catch,0,True,False,1,,,0.5,1.5,1.0,0.5,0.69314718055994529,False,,6,9,7,1.0,127
early,0,True,True,0,0.0,0.0,0.5,1.5,2.0,0.5,0.69314718055994529,True,0.0,6,9,8,1.0,128
early,0,True,True,0,0.0,0.0,0.5,1.5,2.0,0.5,0.69314718055994529,True,0.0,6,9,9,2.0,129
catch,1,True,False,0,,,0.5,1.5,1.0,0.5,0.69314718055994529,False,,6,9,10,1.0,130
early,1,True,True,1,1.0,1.0,0.5,1.5,2.0,0.5,0.69314718055994529,True,1.0,6,9,11,1.0,131
later,1,False,True,0,0.0,1.0,0.5,,1.0,0.5,0.69314718055994529,False,1.0,6,9,12,1.0,132
early,1,True,True,0,1.0,1.0,0.5,1.5,2.0,0.5,0.69314718055994529,True,1.0,6,9,13,1.0,133
catch,0,True,False,0,,,0.5,1.5,1.0,0.5,0.69314718055994529,False,,6,9,14,1.0,134
later,1,False,True,0,0.0,1.0,0.5,,1.0,0.5,0.69314718055994529,False,1.0,6,9,15,2.0,135
catch,1,True,False,1,,,0.5,1.5,1.0,0.5,0.69314718055994529,False,,6,9,16,1.0,136
catch,0,True,False,0,,,0.5,1.5,1.0,0.5,0.69314718055994529,False,,6,9,17,1.0,137
early,0,True,True,0,0.0,1.0,0.5,1.5,2.0,0.5,0.69314718055994529,False,0.0,6,9,18,1.0,138
catch,1,True,False,0,,,0.5,1.5,1.0,0.5,0.69314718055994529,False,,6,9,19,5.0,139
later,0,False,True,0,1.0,1.0,0.5,,1.0,0.5,0.69314718055994529,True,1.0,6,9,20,1.0,140
later,0,False,True,0,0.0,1.0,0.5,,1.0,0.5,0.69314718055994529,False,0.0,6,9,21,2.0,141
later,1,False,True,0,1.0,1.0,0.5,,1.0,0.5,0.69314718055994529,True,1.0,6,9,22,1.0,142
early,0,True,True,0,1.0,1.0,0.5,1.5,2.0,0.5,0.69314718055994529,True,1.0,6,9,23,1.0,143
catch,1,True,False,0,,,0.5,1.5,1.0,0.5,0.69314718055994529,False,,6,9,24,1.0,144
early,1,True,True,1,0.0,0.0,0.5,1.5,2.0,0.5,0.69314718055994529,True,0.0,6,9,25,3.0,145
catch,0,True,False,0,,,0.5,1.5,1.0,0.5,0.69314718055994529,False,,6,9,26,1.0,146
early,0,True,True,0,0.0,0.0,0.5,1.5,2.0,0.5,0.69314718055994529,True,0.0,6,9,27,1.0,147
early,1,True,True,0,1.0,1.0,0.5,1.5,2.0,0.5,0.69314718055994529,True,1.0,6,9,28,1.0,148
catch,1,True,False,0,,,0.5,1.5,1.0,0.5,0.69314718055994529,False,,6,9,29,5.0,149
early,1,True,True,0,0.0,0.0,0.5,1.5,2.0,0.5,0.69314718055994529,True,0.0,6,9,30,2.0,150
early,1,True,True,1,0.0,1.0,0.5,1.5,2.0,0.5,0.69314718055994529,False,1.0,6,9,31,2.0,151
catch,1,True,False,1,,,0.5,1.5,1.0,0.5,0.69314718055994529,False,,6,9,32,3.0,152
catch,0,True,False,0,,,0.5,1.5,1.0,0.5,0.69314718055994529,False,,6,9,33,1.0,153
catch,1,True,False,1,,,0.5,1.5,1.0,0.5,0.69314718055994529,False,,6,9,34,2.0,154
early,1,True,True,0,0.0,1.0,0.5,1.5,2.0,0.5,0.69314718055994529,False,1.0,6,9,35,1.0,155
catch,0,True,False,0,,,0.5,1.5,1.0,0.5,0.69314718055994529,False,,6,9,36,2.0,156
catch,0,True,False,1,,,0.5,1.5,1.0,0.5,0.69314718055994529,False,,6,9,37,1.0,157
later,0,False,True,1,1.0,1.0,0.5,,1.0,0.5,0.69314718055994529,True,1.0,6,9,38,1.0,158
later,0,False,True,1,1.0,0.0,0.5,,1.0,0.5,0.69314718055994529,False,1.0,6,9,39,1.0,159
later,1,False,True,0,0.0,0.0,0.5,,1.0,0.5,0.69314718055994529,True,0.0,6,9,40,1.0,160
later,0,False,True,0,1.0,1.0,0.5,,1.0,0.5,0.69314718055994529,True,1.0,6,9,41,1.0,161
catch,0,True,False,1,,,0.5,1.5,1.0,0.5,0.69314718055994529,False,,6,9,42,1.0,162
later,1,False,True,0,0.0,1.0,0.5,,1.0,0.5,0.69314718055994529,False,1.0,6,9,43,1.0,163
early,0,True,True,1,0.0,1.0,0.5,1.5,2.0,0.5,0.69314718055994529,False,0.0,6,9,44,1.0,164
later,1,False,True,1,0.0,1.0,0.5,,1.0,0.5,0.69314718055994529,False,1.0,6,9,45,2.0,165
early,0,True,True,1,1.0,1.0,0.5,1.5,2.0,0.5,0.69314718055994529,True,1.0,6,9,46,1.0,166
early,0,True,True,0,1.0,0.0,0.5,1.5,2.0,0.5,0.69314718055994529,False,1.0,6,9,47,1.0,167
early,1,True,True,0,0.0,1.0,0.5,1.5,2.0,0.5,0.69314718055994529,False,1.0,6,9,48,1.0,168
later,0,False,True,1,0.0,1.0,0.5,,1.0,0.5,0.69314718055994529,False,0.0,6,9,49,1.0,169
catch,1,True,False,0,,,0.5,1.5,1.0,0.5,0.69314718055994529,False,,6,9,50,1.0,170
catch,0,True,False,1,,,0.5,1.5,1.0,0.5,0.69314718055994529,False,,6,9,51,2.0,171
early,1,True,True,1,1.0,1.0,0.5,1.5,2.0,0.5,0.69314718055994529,True,1.0,6,9,52,2.0,172
later,1,False,True,1,0.0,1.0,0.5,,1.0,0.5,0.69314718055994529,False,1.0,6,9,53,1.0,173
later,1,False,True,0,1.0,0.0,0.5,,1.0,0.5,0.69314718055994529,False,0.0,6,9,54,1.0,174
early,0,True,True,1,1.0,1.0,0.5,1.5,2.0,0.5,0.69314718055994529,True,1.0,6,9,55,1.0,175
later,0,False,True,1,0.0,0.0,0.5,,1.0,0.5,0.69314718055994529,True,0.0,6,9,56,2.0,176
early,0,True,True,0,1.0,1.0,0.5,1.5,2.0,0.5,0.69314718055994529,True,1.0,6,9,57,1.0,177
later,1,False,True,1,1.0,1.0,0.5,,1.0,0.5,0.69314718055994529,True,1.0,6,9,58,2.0,178
catch,1,True,False,1,,,0.5,1.5,1.0,0.5,0.69314718055994529,False,,6,9,59,1.0,179
later,1,False,True,0,1.0,0.0,0.80000000000000004,,1.0,0.19999999999999996,0.50040242353818787,False,0.0,7,9,60,1.0,120
catch,1,True,False,1,,,0.80000000000000004,1.5,1.0,0.19999999999999996,0.50040242353818787,False,,7,9,61,2.0,121
catch,1,True,False,0,,,0.80000000000000004,1.5,1.0,0.19999999999999996,0.50040242353818787,False,,7,9,62,4.0,122
later,1,False,True,1,0.0,1.0,0.80000000000000004,,1.0,0.19999999999999996,0.50040242353818787,False,1.0,7,9,63,1.0,123
catch,1,True,False,1,,,0.80000000000000004,1.5,1.0,0.19999999999999996,0.50040242353818787,False,,7,9,64,1.0,124
early,1,True,True,0,1.0,1.0,0.80000000000000004,1.5,2.0,0.19999999999999996,0.50040242353818787,True,1.0,7,9,65,2.0,125
early,1,True,True,1,0.0,0.0,0.80000000000000004,1.5,2.0,0.19999999999999996,0.50040242353818787,True,0.0,7,9,66,1.0,126
catch,1,True,False,0,,,0.80000000000000004,1.5,1.0,0.19999999999999996,0.50040242353818787,False,,7,9,67,1.0,127
early,1,True,True,1,0.0,1.0,0.80000000000000004,1.5,2.0,0.19999999999999996,0.50040242353818787,False,1.0,7,9,68,3.0,128
early,1,True,True,0,1.0,0.0,0.80000000000000004,1.5,2.0,0.19999999999999996,0.50040242353818787,False,0.0,7,9,69,1.0,129
later,1,False,True,1,0.0,1.0,0.80000000000000004,,1.0,0.19999999999999996,0.50040242353818787,False,1.0,7,9,70,1.0,130
early,0,True,True,0,0.0,0.0,0.19999999999999996,1.5,2.0,0.19999999999999996,0.50040242353818787,True,0.0,7,9,71,1.0,131
early,1,True,True,0,0.0,0.0,0.80000000000000004,1.5,2.0,0.19999999999999996,0.50040242353818787,True,0.0,7,9,72,2.0,132
later,1,False,True,0,0.0,1.0,0.80000000000000004,,1.0,0.19999999999999996,0.50040242353818787,False,1.0,7,9,73,5.0,133
catch,1,True,False,0,,,0.80000000000000004,1.5,1.0,0.19999999999999996,0.50040242353818787,False,,7,9,74,2.0,134
later,1,False,True,0,1.0,1.0,0.80000000000000004,,1.0,0.19999999999999996,0.50040242353818787,True,1.0,7,10,0,1.0,135
catch,1,True,False,0,,,0.80000000000000004,1.5,1.0,0.19999999999999996,0.50040242353818787,False,,7,10,1,1.0,136
early,1,True,True,1,0.0,1.0,0.80000000000000004,1.5,2.0,0.19999999999999996,0.50040242353818787,False,1.0,7,10,2,1.0,137
later,1,False,True,1,0.0,0.0,0.80000000000000004,,1.0,0.19999999999999996,0.50040242353818787,True,0.0,7,10,3,2.0,138
early,1,True,True,0,0.0,1.0,0.80000000000000004,1.5,2.0,0.19999999999999996,0.50040242353818787,False,1.0,7,10,4,3.0,139
later,1,False,True,0,1.0,0.0,0.80000000000000004,,1.0,0.19999999999999996,0.50040242353818787,False,0.0,7,10,5,3.0,140
early,0,True,True,0,0.0,1.0,0.19999999999999996,1.5,2.0,0.19999999999999996,0.50040242353818787,False,0.0,7,10,6,2.0,141
catch,0,True,False,0,,,0.19999999999999996,1.5,1.0,0.19999999999999996,0.50040242353818787,False,,7,10,7,5.0,142
catch,1,True,False,1,,,0.80000000000000004,1.5,1.0,0.19999999999999996,0.50040242353818787,False,,7,10,8,2.0,143
early,1,True,True,1,1.0,0.0,0.80000000000000004,1.5,2.0,0.19999999999999996,0.50040242353818787,False,0.0,7,10,9,1.0,144
later,1,False,True,1,0.0,1.0,0.80000000000000004,,1.0,0.19999999999999996,0.50040242353818787,False,1.0,7,10,10,4.0,145
catch,1,True,False,0,,,0.80000000000000004,1.5,1.0,0.19999999999999996,0.50040242353818787,False,,7,10,11,2.0,146
catch,1,True,False,1,,,0.80000000000000004,1.5,1.0,0.19999999999999996,0.50040242353818787,False,,7,10,12,1.0,147
later,1,False,True,0,0.0,1.0,0.80000000000000004,,1.0,0.19999999999999996,0.50040242353818787,False,1.0,7,10,13,3.0,148
catch,1,True,False,1,,,0.80000000000000004,1.5,1.0,0.19999999999999996,0.50040242353818787,False,,7,10,14,2.0,149
later,1,False,True,0,0.0,0.0,0.80000000000000004,,1.0,0.19999999999999996,0.50040242353818787,True,0.0,7,10,15,1.0,150
catch,1,True,False,0,,,0.80000000000000004,1.5,1.0,0.19999999999999996,0.50040242353818787,False,,7,10,16,1.0,151
early,1,True,True,1,1.0,0.0,0.80000000000000004,1.5,2.0,0.19999999999999996,0.50040242353818787,False,0.0,7,10,17,2.0,152
catch,1,True,False,0,,,0.80000000000000004,1.5,1.0,0.19999999999999996,0.50040242353818787,False,,7,10,18,1.0,153
catch,0,True,False,1,,,0.19999999999999996,1.5,1.0,0.19999999999999996,0.50040242353818787,False,,7,10,19,1.0,154
early,1,True,True,1,1.0,1.0,0.80000000000000004,1.5,2.0,0.19999999999999996,0.50040242353818787,True,1.0,7,10,20,1.0,155
catch,1,True,False,0,,,0.80000000000000004,1.5,1.0,0.19999999999999996,0.50040242353818787,False,,7,10,21,1.0,156
early,1,True,True,1,0.0,0.0,0.80000000000000004,1.5,2.0,0.19999999999999996,0.50040242353818787,True,0.0,7,10,22,4.0,157
later,1,False,True,1,1.0,1.0,0.80000000000000004,,1.0,0.19999999999999996,0.50040242353818787,True,1.0,7,10,23,1.0,158
later,1,False,True,1,0.0,1.0,0.80000000000000004,,1.0,0.19999999999999996,0.50040242353818787,False,1.0,7,10,24,1.0,159
later,1,False,True,1,1.0,1.0,0.80000000000000004,,1.0,0.19999999999999996,0.50040242353818787,True,1.0,7,10,25,2.0,160
early,1,True,True,1,1.0,1.0,0.80000000000000004,1.5,2.0,0.19999999999999996,0.50040242353818787,True,1.0,7,10,26,1.0,161
catch,1,True,False,0,,,0.80000000000000004,1.5,1.0,0.19999999999999996,0.50040242353818787,False,,7,10,27,2.0,162
later,1,False,True,0,0.0,1.0,0.80000000000000004,,1.0,0.19999999999999996,0.50040242353818787,False,1.0,7,10,28,2.0,163
catch,0,True,False,1,,,0.19999999999999996,1.5,1.0,0.19999999999999996,0.50040242353818787,False,,7,10,29,2.0,164
catch,1,True,False,1,,,0.80000000000000004,1.5,1.0,0.19999999999999996,0.50040242353818787,False,,7,10,30,1.0,165
early,1,True,True,1,0.0,0.0,0.80000000000000004,1.5,2.0,0.19999999999999996,0.50040242353818787,True,0.0,7,10,31,2.0,166
later,1,False,True,1,0.0,0.0,0.80000000000000004,,1.0,0.19999999999999996,0.50040242353818787,True,0.0,7,10,32,1.0,167
early,1,True,True,0,1.0,0.0,0.80000000000000004,1.5,2.0,0.19999999999999996,0.50040242353818787,False,0.0,7,10,33,5.0,168
later,0,False,True,1,1.0,0.0,0.19999999999999996,,1.0,0.19999999999999996,0.50040242353818787,False,1.0,7,10,34,1.0,169
later,1,False,True,0,0.0,0.0,0.80000000000000004,,1.0,0.19999999999999996,0.50040242353818787,True,0.0,7,10,35,2.0,170
early,1,True,True,0,1.0,0.0,0.80000000000000004,1.5,2.0,0.19999999999999996,0.50040242353818787,False,0.0,7,10,36,2.0,171
catch,1,True,False,1,,,0.80000000000000004,1.5,1.0,0.19999999999999996,0.50040242353818787,False,,7,10,37,1.0,172
catch,1,True,False,1,,,0.80000000000000004,1.5,1.0,0.19999999999999996,0.50040242353818787,False,,7,10,38,1.0,173
catch,1,True,False,1,,,0.80000000000000004,1.5,1.0,0.19999999999999996,0.50040242353818787,False,,7,10,39,1.0,174
later,0,False,True,1,1.0,1.0,0.19999999999999996,,1.0,0.19999999999999996,0.50040242353818787,True,1.0,7,10,40,1.0,175
catch,1,True,False,1,,,0.80000000000000004,1.5,1.0,0.19999999999999996,0.50040242353818787,False,,7,10,41,2.0,176
catch,1,True,False,1,,,0.80000000000000004,1.5,1.0,0.19999999999999996,0.50040242353818787,False,,7,10,42,2.0,177
catch,0,True,False,0,,,0.19999999999999996,1.5,1.0,0.19999999999999996,0.50040242353818787,False,,7,10,43,1.0,178
early,1,True,True,1,1.0,0.0,0.80000000000000004,1.5,2.0,0.19999999999999996,0.50040242353818787,False,0.0,7,10,44,1.0,179
early,0,True,True,1,0.0,1.0,0.80000000000000004,1.5,2.0,0.80000000000000004,0.50040242353818787,False,0.0,8,10,45,1.0,120
catch,0,True,False,1,,,0.80000000000000004,1.5,1.0,0.80000000000000004,0.50040242353818787,False,,8,10,46,2.0,121
later,1,False,True,0,1.0,1.0,0.20000000000000001,,1.0,0.80000000000000004,0.50040242353818787,True,1.0,8,10,47,5.0,122
later,0,False,True,0,0.0,0.0,0.80000000000000004,,1.0,0.80000000000000004,0.50040242353818787,True,0.0,8,10,48,4.0,123
catch,1,True,False,1,,,0.20000000000000001,1.5,1.0,0.80000000000000004,0.50040242353818787,False,,8,10,49,1.0,124
early,0,True,True,1,1.0,1.0,0.80000000000000004,1.5,2.0,0.80000000000000004,0.50040242353818787,True,1.0,8,10,50,1.0,125
catch,0,True,False,0,,,0.80000000000000004,1.5,1.0,0.80000000000000004,0.50040242353818787,False,,8,10,51,1.0,126
catch,0,True,False,0,,,0.80000000000000004,1.5,1.0,0.80000000000000004,0.50040242353818787,False,,8,10,52,1.0,127
early,0,True,True,1,1.0,0.0,0.80000000000000004,1.5,2.0,0.80000000000000004,0.50040242353818787,False,1.0,8,10,53,1.0,128
catch,0,True,False,1,,,0.80000000000000004,1.5,1.0,0.80000000000000004,0.50040242353818787,False,,8,10,54,2.0,129
later,0,False,True,0,0.0,0.0,0.80000000000000004,,1.0,0.80000000000000004,0.50040242353818787,True,0.0,8,10,55,2.0,130
later,0,False,True,1,1.0,0.0,0.80000000000000004,,1.0,0.80000000000000004,0.50040242353818787,False,1.0,8,10,56,1.0,131
later,0,False,True,0,0.0,0.0,0.80000000000000004,,1.0,0.80000000000000004,0.50040242353818787,True,0.0,8,10,57,4.0,132
catch,1,True,False,1,,,0.20000000000000001,1.5,1.0,0.80000000000000004,0.50040242353818787,False,,8,10,58,2.0,133
later,1,False,True,1,1.0,0.0,0.20000000000000001,,1.0,0.80000000000000004,0.50040242353818787,False,0.0,8,10,59,1.0,134
catch,0,True,False,1,,,0.80000000000000004,1.5,1.0,0.80000000000000004,0.50040242353818787,False,,8,10,60,1.0,135
later,0,False,True,1,1.0,1.0,0.80000000000000004,,1.0,0.80000000000000004,0.50040242353818787,True,1.0,8,10,61,1.0,136
early,0,True,True,0,1.0,0.0,0.80000000000000004,1.5,2.0,0.80000000000000004,0.50040242353818787,False,1.0,8,10,62,1.0,137
later,0,False,True,1,1.0,1.0,0.80000000000000004,,1.0,0.80000000000000004,0.50040242353818787,True,1.0,8,10,63,1.0,138
early,0,True,True,1,0.0,0.0,0.80000000000000004,1.5,2.0,0.80000000000000004,0.50040242353818787,True,0.0,8,10,64,4.0,139
later,0,False,True,1,1.0,1.0,0.80000000000000004,,1.0,0.80000000000000004,0.50040242353818787,True,1.0,8,10,65,1.0,140
catch,0,True,False,1,,,0.80000000000000004,1.5,1.0,0.80000000000000004,0.50040242353818787,False,,8,10,66,3.0,141
catch,0,True,False,1,,,0.80000000000000004,1.5,1.0,0.80000000000000004,0.50040242353818787,False,,8,10,67,1.0,142
later,1,False,True,1,0.0,1.0,0.20000000000000001,,1.0,0.80000000000000004,0.50040242353818787,False,1.0,8,10,68,3.0,143
early,0,True,True,0,0.0,1.0,0.80000000000000004,1.5,2.0,0.80000000000000004,0.50040242353818787,False,0.0,8,10,69,1.0,144
catch,0,True,False,0,,,0.80000000000000004,1.5,1.0,0.80000000000000004,0.50040242353818787,False,,8,10,70,1.0,145
catch,1,True,False,0,,,0.20000000000000001,1.5,1.0,0.80000000000000004,0.50040242353818787,False,,8,10,71,1.0,146
later,1,False,True,0,1.0,0.0,0.20000000000000001,,1.0,0.80000000000000004,0.50040242353818787,False,0.0,8,10,72,2.0,147
later,0,False,True,1,0.0,1.0,0.80000000000000004,,1.0,0.80000000000000004,0.50040242353818787,False,0.0,8,10,73,1.0,148
later,0,False,True,0,1.0,1.0,0.80000000000000004,,1.0,0.80000000000000004,0.50040242353818787,True,1.0,8,10,74,1.0,149
early,0,True,True,0,0.0,0.0,0.80000000000000004,1.5,2.0,0.80000000000000004,0.50040242353818787,True,0.0,8,11,0,1.0,150
early,1,True,True,0,0.0,1.0,0.20000000000000001,1.5,2.0,0.80000000000000004,0.50040242353818787,False,1.0,8,11,1,2.0,151
catch,0,True,False,0,,,0.80000000000000004,1.5,1.0,0.80000000000000004,0.50040242353818787,False,,8,11,2,1.0,152
catch,0,True,False,0,,,0.80000000000000004,1.5,1.0,0.80000000000000004,0.50040242353818787,False,,8,11,3,2.0,153
early,0,True,True,0,0.0,1.0,0.80000000000000004,1.5,2.0,0.80000000000000004,0.50040242353818787,False,0.0,8,11,4,1.0,154
early,0,True,True,0,1.0,0.0,0.80000000000000004,1.5,2.0,0.80000000000000004,0.50040242353818787,False,1.0,8,11,5,4.0,155
catch,0,True,False,1,,,0.80000000000000004,1.5,1.0,0.80000000000000004,0.50040242353818787,False,,8,11,6,1.0,156
later,0,False,True,1,1.0,0.0,0.80000000000000004,,1.0,0.80000000000000004,0.50040242353818787,False,1.0,8,11,7,1.0,157
later,0,False,True,0,0.0,1.0,0.80000000000000004,,1.0,0.80000000000000004,0.50040242353818787,False,0.0,8,11,8,1.0,158
early,0,True,True,1,0.0,1.0,0.80000000000000004,1.5,2.0,0.80000000000000004,0.50040242353818787,False,0.0,8,11,9,2.0,159
later,0,False,True,1,0.0,0.0,0.80000000000000004,,1.0,0.80000000000000004,0.50040242353818787,True,0.0,8,11,10,1.0,160
catch,0,True,False,0,,,0.80000000000000004,1.5,1.0,0.80000000000000004,0.50040242353818787,False,,8,11,11,4.0,161
early,1,True,True,0,1.0,1.0,0.20000000000000001,1.5,2.0,0.80000000000000004,0.50040242353818787,True,1.0,8,11,12,1.0,162
later,0,False,True,0,0.0,0.0,0.80000000000000004,,1.0,0.80000000000000004,0.50040242353818787,True,0.0,8,11,13,1.0,163
early,0,True,True,0,0.0,0.0,0.80000000000000004,1.5,2.0,0.80000000000000004,0.50040242353818787,True,0.0,8,11,14,1.0,164
catch,0,True,False,0,,,0.80000000000000004,1.5,1.0,0.80000000000000004,0.50040242353818787,False,,8,11,15,2.0,165
early,1,True,True,1,0.0,1.0,0.20000000000000001,1.5,2.0,0.80000000000000004,0.50040242353818787,False,1.0,8,11,16,2.0,166
later,0,False,True,0,1.0,1.0,0.80000000000000004,,1.0,0.80000000000000004,0.50040242353818787,True,1.0,8,11,17,1.0,167
later,0,False,True,1,1.0,0.0,0.80000000000000004,,1.0,0.80000000000000004,0.50040242353818787,False,1.0,8,11,18,1.0,168
catch,0,True,False,1,,,0.80000000000000004,1.5,1.0,0.80000000000000004,0.50040242353818787,False,,8,11,19,2.0,169
later,1,False,True,1,0.0,0.0,0.20000000000000001,,1.0,0.80000000000000004,0.50040242353818787,True,0.0,8,11,20,1.0,170
early,0,True,True,0,1.0,1.0,0.80000000000000004,1.5,2.0,0.80000000000000004,0.50040242353818787,True,1.0,8,11,21,2.0,171
later,1,False,True,1,1.0,0.0,0.20000000000000001,,1.0,0.80000000000000004,0.50040242353818787,False,0.0,8,11,22,3.0,172
early,1,True,True,0,1.0,0.0,0.20000000000000001,1.5,2.0,0.80000000000000004,0.50040242353818787,False,0.0,8,11,23,1.0,173
catch,0,True,False,0,,,0.80000000000000004,1.5,1.0,0.80000000000000004,0.50040242353818787,False,,8,11,24,1.0,174
catch,0,True,False,1,,,0.80000000000000004,1.5,1.0,0.80000000000000004,0.50040242353818787,False,,8,11,25,1.0,175
catch,0,True,False,1,,,0.80000000000000004,1.5,1.0,0.80000000000000004,0.50040242353818787,False,,8,11,26,2.0,176
early,0,True,True,1,0.0,0.0,0.80000000000000004,1.5,2.0,0.80000000000000004,0.50040242353818787,True,0.0,8,11,27,1.0,177
early,0,True,True,0,0.0,0.0,0.80000000000000004,1.5,2.0,0.80000000000000004,0.50040242353818787,True,0.0,8,11,28,2.0,178
catch,0,True,False,0,,,0.80000000000000004,1.5,1.0,0.80000000000000004,0.50040242353818787,False,,8,11,29,2.0,179
catch,1,True,False,1,,,0.33333333333333331,1.5,1.0,0.66666666666666674,0.63651416829481278,False,,9,11,30,5.0,60
early,0,True,True,0,1.0,0.0,0.66666666666666674,1.5,2.0,0.66666666666666674,0.63651416829481278,False,1.0,9,11,31,1.0,61
early,0,True,True,1,1.0,1.0,0.66666666666666674,1.5,2.0,0.66666666666666674,0.63651416829481278,True,1.0,9,11,32,1.0,62
catch,0,True,False,0,,,0.66666666666666674,1.5,1.0,0.66666666666666674,0.63651416829481278,False,,9,11,33,3.0,63
catch,0,True,False,1,,,0.66666666666666674,1.5,1.0,0.66666666666666674,0.63651416829481278,False,,9,11,34,1.0,64
catch,1,True,False,0,,,0.33333333333333331,1.5,1.0,0.66666666666666674,0.63651416829481278,False,,9,11,35,1.0,65
catch,0,True,False,1,,,0.66666666666666674,1.5,1.0,0.66666666666666674,0.63651416829481278,False,,9,11,36,4.0,66
later,1,False,True,0,1.0,1.0,0.33333333333333331,,1.0,0.66666666666666674,0.63651416829481278,True,1.0,9,11,37,2.0,67
later,1,False,True,1,1.0,1.0,0.33333333333333331,,1.0,0.66666666666666674,0.63651416829481278,True,1.0,9,11,38,1.0,68
catch,1,True,False,0,,,0.33333333333333331,1.5,1.0,0.66666666666666674,0.63651416829481278,False,,9,11,39,1.0,69
early,0,True,True,1,0.0,1.0,0.66666666666666674,1.5,2.0,0.66666666666666674,0.63651416829481278,False,0.0,9,11,40,2.0,70
catch,0,True,False,1,,,0.66666666666666674,1.5,1.0,0.66666666666666674,0.63651416829481278,False,,9,11,41,1.0,71
catch,0,True,False,1,,,0.66666666666666674,1.5,1.0,0.66666666666666674,0.63651416829481278,False,,9,11,42,1.0,72
early,1,True,True,1,1.0,1.0,0.33333333333333331,1.5,2.0,0.66666666666666674,0.63651416829481278,True,1.0,9,11,43,1.0,73
early,0,True,True,0,0.0,0.0,0.66666666666666674,1.5,2.0,0.66666666666666674,0.63651416829481278,True,0.0,9,11,44,1.0,74
later,0,False,True,1,1.0,0.0,0.66666666666666674,,1.0,0.66666666666666674,0.63651416829481278,False,1.0,9,11,45,1.0,75
later,1,False,True,1,1.0,0.0,0.33333333333333331,,1.0,0.66666666666666674,0.63651416829481278,False,0.0,9,11,46,1.0,76
early,0,True,True,1,0.0,1.0,0.66666666666666674,1.5,2.0,0.66666666666666674,0.63651416829481278,False,0.0,9,11,47,1.0,77
catch,1,True,False,1,,,0.33333333333333331,1.5,1.0,0.66666666666666674,0.63651416829481278,False,,9,11,48,3.0,78
catch,1,True,False,0,,,0.33333333333333331,1.5,1.0,0.66666666666666674,0.63651416829481278,False,,9,11,49,3.0,79
catch,1,True,False,0,,,0.33333333333333331,1.5,1.0,0.66666666666666674,0.63651416829481278,False,,9,11,50,1.0,80
later,0,False,True,0,1.0,0.0,0.66666666666666674,,1.0,0.66666666666666674,0.63651416829481278,False,1.0,9,11,51,2.0,81
early,0,True,True,1,1.0,1.0,0.66666666666666674,1.5,2.0,0.66666666666666674,0.63651416829481278,True,1.0,9,11,52,1.0,82
catch,1,True,False,1,,,0.33333333333333331,1.5,1.0,0.66666666666666674,0.63651416829481278,False,,9,11,53,1.0,83
early,1,True,True,1,1.0,0.0,0.33333333333333331,1.5,2.0,0.66666666666666674,0.63651416829481278,False,0.0,9,11,54,1.0,84
early,0,True,True,0,1.0,0.0,0.66666666666666674,1.5,2.0,0.66666666666666674,0.63651416829481278,False,1.0,9,11,55,2.0,85
catch,0,True,False,1,,,0.66666666666666674,1.5,1.0,0.66666666666666674,0.63651416829481278,False,,9,11,56,2.0,86
later,0,False,True,0,1.0,1.0,0.66666666666666674,,1.0,0.66666666666666674,0.63651416829481278,True,1.0,9,11,57,1.0,87
early,0,True,True,0,1.0,1.0,0.66666666666666674,1.5,2.0,0.66666666666666674,0.63651416829481278,True,1.0,9,11,58,1.0,88
catch,0,True,False,1,,,0.66666666666666674,1.5,1.0,0.66666666666666674,0.63651416829481278,False,,9,11,59,2.0,89
catch,0,True,False,0,,,0.66666666666666674,1.5,1.0,0.66666666666666674,0.63651416829481278,False,,9,11,60,2.0,90
catch,0,True,False,0,,,0.66666666666666674,1.5,1.0,0.66666666666666674,0.63651416829481278,False,,9,11,61,1.0,91
catch,0,True,False,1,,,0.66666666666666674,1.5,1.0,0.66666666666666674,0.63651416829481278,False,,9,11,62,3.0,92
early,0,True,True,1,0.0,0.0,0.66666666666666674,1.5,2.0,0.66666666666666674,0.63651416829481278,True,0.0,9,11,63,1.0,93
later,0,False,True,0,1.0,0.0,0.66666666666666674,,1.0,0.66666666666666674,0.63651416829481278,False,1.0,9,11,64,3.0,94
early,0,True,True,0,1.0,0.0,0.66666666666666674,1.5,2.0,0.66666666666666674,0.63651416829481278,False,1.0,9,11,65,1.0,95
later,0,False,True,0,0.0,1.0,0.66666666666666674,,1.0,0.66666666666666674,0.63651416829481278,False,0.0,9,11,66,1.0,96
later,1,False,True,1,0.0,1.0,0.33333333333333331,,1.0,0.66666666666666674,0.63651416829481278,False,1.0,9,11,67,2.0,97
catch,1,True,False,1,,,0.33333333333333331,1.5,1.0,0.66666666666666674,0.63651416829481278,False,,9,11,68,1.0,98
later,0,False,True,1,1.0,1.0,0.66666666666666674,,1.0,0.66666666666666674,0.63651416829481278,True,1.0,9,11,69,1.0,99
early,0,True,True,0,0.0,0.0,0.66666666666666674,1.5,2.0,0.66666666666666674,0.63651416829481278,True,0.0,9,11,70,1.0,100
early,1,True,True,0,0.0,1.0,0.33333333333333331,1.5,2.0,0.66666666666666674,0.63651416829481278,False,1.0,9,11,71,1.0,101
early,0,True,True,0,1.0,1.0,0.66666666666666674,1.5,2.0,0.66666666666666674,0.63651416829481278,True,1.0,9,11,72,2.0,102
catch,1,True,False,1,,,0.33333333333333331,1.5,1.0,0.66666666666666674,0.63651416829481278,False,,9,11,73,4.0,103
early,1,True,True,0,0.0,1.0,0.33333333333333331,1.5,2.0,0.66666666666666674,0.63651416829481278,False,1.0,9,11,74,1.0,104
later,0,False,True,1,0.0,0.0,0.66666666666666674,,1.0,0.66666666666666674,0.63651416829481278,True,0.0,9,12,0,1.0,105
later,0,False,True,0,1.0,1.0,0.66666666666666674,,1.0,0.66666666666666674,0.63651416829481278,True,1.0,9,12,1,1.0,106
catch,0,True,False,1,,,0.66666666666666674,1.5,1.0,0.66666666666666674,0.63651416829481278,False,,9,12,2,2.0,107
early,1,True,True,1,1.0,1.0,0.33333333333333331,1.5,2.0,0.66666666666666674,0.63651416829481278,True,1.0,9,12,3,1.0,108
catch,1,True,False,1,,,0.33333333333333331,1.5,1.0,0.66666666666666674,0.63651416829481278,False,,9,12,4,2.0,109
catch,1,True,False,0,,,0.33333333333333331,1.5,1.0,0.66666666666666674,0.63651416829481278,False,,9,12,5,1.0,110
catch,0,True,False,0,,,0.66666666666666674,1.5,1.0,0.66666666666666674,0.63651416829481278,False,,9,12,6,2.0,111
catch,0,True,False,0,,,0.66666666666666674,1.5,1.0,0.66666666666666674,0.63651416829481278,False,,9,12,7,1.0,112
later,0,False,True,1,0.0,0.0,0.66666666666666674,,1.0,0.66666666666666674,0.63651416829481278,True,0.0,9,12,8,1.0,113
later,0,False,True,1,0.0,0.0,0.66666666666666674,,1.0,0.66666666666666674,0.63651416829481278,True,0.0,9,12,9,2.0,114
later,0,False,True,1,1.0,0.0,0.66666666666666674,,1.0,0.66666666666666674,0.63651416829481278,False,1.0,9,12,10,2.0,115
later,1,False,True,0,0.0,0.0,0.33333333333333331,,1.0,0.66666666666666674,0.63651416829481278,True,0.0,9,12,11,2.0,116
catch,1,True,False,0,,,0.33333333333333331,1.5,1.0,0.66666666666666674,0.63651416829481278,False,,9,12,12,1.0,117
later,0,False,True,0,1.0,1.0,0.66666666666666674,,1.0,0.66666666666666674,0.63651416829481278,True,1.0,9,12,13,3.0,118
early,0,True,True,1,1.0,1.0,0.66666666666666674,1.5,2.0,0.66666666666666674,0.63651416829481278,True,1.0,9,12,14,3.0,119
early,1,True,True,0,1.0,1.0,0.33333333333333331,1.5,2.0,0.66666666666666674,0.63651416829481278,True,1.0,9,12,15,1.0,120
later,0,False,True,0,1.0,0.0,0.66666666666666674,,1.0,0.66666666666666674,0.63651416829481278,False,1.0,9,12,16,1.0,121
early,1,True,True,1,1.0,0.0,0.33333333333333331,1.5,2.0,0.66666666666666674,0.63651416829481278,False,0.0,9,12,17,2.0,122
later,0,False,True,1,0.0,1.0,0.66666666666666674,,1.0,0.66666666666666674,0.63651416829481278,False,0.0,9,12,18,1.0,123
later,1,False,True,0,0.0,1.0,0.33333333333333331,,1.0,0.66666666666666674,0.63651416829481278,False,1.0,9,12,19,3.0,124
later,0,False,True,1,1.0,1.0,0.66666666666666674,,1.0,0.66666666666666674,0.63651416829481278,True,1.0,9,12,20,2.0,125
catch,0,True,False,0,,,0.66666666666666674,1.5,1.0,0.66666666666666674,0.63651416829481278,False,,9,12,21,2.0,126
catch,0,True,False,0,,,0.66666666666666674,1.5,1.0,0.66666666666666674,0.63651416829481278,False,,9,12,22,2.0,127
early,1,True,True,0,0.0,0.0,0.33333333333333331,1.5,2.0,0.66666666666666674,0.63651416829481278,True,0.0,9,12,23,1.0,128
catch,0,True,False,1,,,0.66666666666666674,1.5,1.0,0.66666666666666674,0.63651416829481278,False,,9,12,24,3.0,129
early,1,True,True,1,0.0,0.0,0.33333333333333331,1.5,2.0,0.66666666666666674,0.63651416829481278,True,0.0,9,12,25,2.0,130
catch,0,True,False,0,,,0.66666666666666674,1.5,1.0,0.66666666666666674,0.63651416829481278,False,,9,12,26,1.0,131
early,1,True,True,0,1.0,0.0,0.33333333333333331,1.5,2.0,0.66666666666666674,0.63651416829481278,False,0.0,9,12,27,1.0,132
early,0,True,True,1,0.0,0.0,0.66666666666666674,1.5,2.0,0.66666666666666674,0.63651416829481278,True,0.0,9,12,28,1.0,133
early,0,True,True,1,1.0,1.0,0.66666666666666674,1.5,2.0,0.66666666666666674,0.63651416829481278,True,1.0,9,12,29,1.0,134
early,0,True,True,1,1.0,0.0,0.66666666666666674,1.5,2.0,0.66666666666666674,0.63651416829481278,False,1.0,9,12,30,1.0,135
later,0,False,True,1,1.0,1.0,0.66666666666666674,,1.0,0.66666666666666674,0.63651416829481278,True,1.0,9,12,31,1.0,136
catch,1,True,False,0,,,0.33333333333333331,1.5,1.0,0.66666666666666674,0.63651416829481278,False,,9,12,32,2.0,137
early,0,True,True,0,1.0,1.0,0.66666666666666674,1.5,2.0,0.66666666666666674,0.63651416829481278,True,1.0,9,12,33,2.0,138
catch,0,True,False,0,,,0.66666666666666674,1.5,1.0,0.66666666666666674,0.63651416829481278,False,,9,12,34,3.0,139
early,1,True,True,1,0.0,1.0,0.33333333333333331,1.5,2.0,0.66666666666666674,0.63651416829481278,False,1.0,9,12,35,1.0,140
later,0,False,True,1,1.0,1.0,0.66666666666666674,,1.0,0.66666666666666674,0.63651416829481278,True,1.0,9,12,36,1.0,141
later,1,False,True,0,1.0,0.0,0.33333333333333331,,1.0,0.66666666666666674,0.63651416829481278,False,0.0,9,12,37,1.0,142
early,0,True,True,1,0.0,1.0,0.66666666666666674,1.5,2.0,0.66666666666666674,0.63651416829481278,False,0.0,9,12,38,3.0,143
early,0,True,True,0,1.0,0.0,0.66666666666666674,1.5,2.0,0.66666666666666674,0.63651416829481278,False,1.0,9,12,39,2.0,144
catch,0,True,False,0,,,0.66666666666666674,1.5,1.0,0.66666666666666674,0.63651416829481278,False,,9,12,40,5.0,145
early,1,True,True,0,1.0,1.0,0.33333333333333331,1.5,2.0,0.66666666666666674,0.63651416829481278,True,1.0,9,12,41,2.0,146
early,1,True,True,1,0.0,1.0,0.33333333333333331,1.5,2.0,0.66666666666666674,0.63651416829481278,False,1.0,9,12,42,2.0,147
later,0,False,True,0,0.0,0.0,0.66666666666666674,,1.0,0.66666666666666674,0.63651416829481278,True,0.0,9,12,43,4.0,148
catch,1,True,False,0,,,0.33333333333333331,1.5,1.0,0.66666666666666674,0.63651416829481278,False,,9,12,44,1.0,149
catch,0,True,False,0,,,0.66666666666666674,1.5,1.0,0.66666666666666674,0.63651416829481278,False,,9,12,45,2.0,150
later,0,False,True,0,0.0,0.0,0.66666666666666674,,1.0,0.66666666666666674,0.63651416829481278,True,0.0,9,12,46,1.0,151
early,1,True,True,0,0.0,1.0,0.33333333333333331,1.5,2.0,0.66666666666666674,0.63651416829481278,False,1.0,9,12,47,1.0,152
later,1,False,True,0,0.0,1.0,0.33333333333333331,,1.0,0.66666666666666674,0.63651416829481278,False,1.0,9,12,48,2.0,153
early,1,True,True,0,0.0,0.0,0.33333333333333331,1.5,2.0,0.66666666666666674,0.63651416829481278,True,0.0,9,12,49,1.0,154
later,0,False,True,0,1.0,1.0,0.66666666666666674,,1.0,0.66666666666666674,0.63651416829481278,True,1.0,9,12,50,3.0,155
catch,0,True,False,1,,,0.66666666666666674,1.5,1.0,0.66666666666666674,0.63651416829481278,False,,9,12,51,1.0,156
early,0,True,True,1,0.0,1.0,0.66666666666666674,1.5,2.0,0.66666666666666674,0.63651416829481278,False,0.0,9,12,52,1.0,157
early,1,True,True,1,0.0,0.0,0.33333333333333331,1.5,2.0,0.66666666666666674,0.63651416829481278,True,0.0,9,12,53,1.0,158
catch,0,True,False,0,,,0.66666666666666674,1.5,1.0,0.66666666666666674,0.63651416829481278,False,,9,12,54,1.0,159
early,0,True,True,1,1.0,0.0,0.66666666666666674,1.5,2.0,0.66666666666666674,0.63651416829481278,False,1.0,9,12,55,2.0,160
later,0,False,True,0,0.0,0.0,0.66666666666666674,,1.0,0.66666666666666674,0.63651416829481278,True,0.0,9,12,56,2.0,161
catch,1,True,False,1,,,0.33333333333333331,1.5,1.0,0.66666666666666674,0.63651416829481278,False,,9,12,57,1.0,162
later,0,False,True,0,0.0,1.0,0.66666666666666674,,1.0,0.66666666666666674,0.63651416829481278,False,0.0,9,12,58,1.0,163
later,1,False,True,0,0.0,0.0,0.33333333333333331,,1.0,0.66666666666666674,0.63651416829481278,True,0.0,9,12,59,1.0,164
catch,1,True,False,0,,,0.33333333333333331,1.5,1.0,0.66666666666666674,0.63651416829481278,False,,9,12,60,2.0,165
later,0,False,True,1,1.0,1.0,0.66666666666666674,,1.0,0.66666666666666674,0.63651416829481278,True,1.0,9,12,61,1.0,166
later,0,False,True,1,0.0,0.0,0.66666666666666674,,1.0,0.66666666666666674,0.63651416829481278,True,0.0,9,12,62,1.0,167
later,0,False,True,1,0.0,1.0,0.66666666666666674,,1.0,0.66666666666666674,0.63651416829481278,False,0.0,9,12,63,1.0,168
catch,1,True,False,1,,,0.33333333333333331,1.5,1.0,0.66666666666666674,0.63651416829481278,False,,9,12,64,1.0,169
later,0,False,True,0,1.0,0.0,0.66666666666666674,,1.0,0.66666666666666674,0.63651416829481278,False,1.0,9,12,65,1.0,170
early,0,True,True,1,0.0,0.0,0.66666666666666674,1.5,2.0,0.66666666666666674,0.63651416829481278,True,0.0,9,12,66,1.0,171
early,0,True,True,1,0.0,0.0,0.66666666666666674,1.5,2.0,0.66666666666666674,0.63651416829481278,True,0.0,9,12,67,1.0,172
catch,0,True,False,0,,,0.66666666666666674,1.5,1.0,0.66666666666666674,0.63651416829481278,False,,9,12,68,2.0,173
later,1,False,True,0,1.0,0.0,0.33333333333333331,,1.0,0.66666666666666674,0.63651416829481278,False,0.0,9,12,69,1.0,174
catch,1,True,False,1,,,0.33333333333333331,1.5,1.0,0.66666666666666674,0.63651416829481278,False,,9,12,70,4.0,175
later,0,False,True,0,0.0,1.0,0.66666666666666674,,1.0,0.66666666666666674,0.63651416829481278,False,0.0,9,12,71,2.0,176
early,0,True,True,0,1.0,1.0,0.66666666666666674,1.5,2.0,0.66666666666666674,0.63651416829481278,True,1.0,9,12,72,1.0,177
early,0,True,True,0,0.0,0.0,0.66666666666666674,1.5,2.0,0.66666666666666674,0.63651416829481278,True,0.0,9,12,73,1.0,178
catch,0,True,False,0,,,0.66666666666666674,1.5,1.0,0.66666666666666674,0.63651416829481278,False,,9,12,74,4.0,179
